#
# There is insufficient memory for the Java Runtime Environment to continue.
# Native memory allocation (mmap) failed to map 65536 bytes. Error detail: Failed to commit metaspace.
# Possible reasons:
#   The system is out of physical RAM or swap space
#   This process is running with CompressedOops enabled, and the Java Heap may be blocking the growth of the native heap
# Possible solutions:
#   Reduce memory load on the system
#   Increase physical memory or swap space
#   Check if swap backing store is full
#   Decrease Java heap size (-Xmx/-Xms)
#   Decrease number of Java threads
#   Decrease Java thread stack sizes (-Xss)
#   Set larger code cache with -XX:ReservedCodeCacheSize=
#   JVM is running with Unscaled Compressed Oops mode in which the Java heap is
#     placed in the first 4GB address space. The Java Heap base address is the
#     maximum limit for the native heap growth. Please use -XX:HeapBaseMinAddress
#     to set the Java Heap base and to place the Java Heap above 4GB virtual address.
# This output file may be truncated or incomplete.
#
#  Out of Memory Error (virtualSpaceNode.cpp:113), pid=16816, tid=9020
#
# JRE version: OpenJDK Runtime Environment Temurin-21.0.10+7 (21.0.10+7) (build 21.0.10+7-LTS)
# Java VM: OpenJDK 64-Bit Server VM Temurin-21.0.10+7 (21.0.10+7-LTS, mixed mode, sharing, tiered, compressed oops, compressed class ptrs, parallel gc, windows-amd64)
# No core dump will be written. Minidumps are not enabled by default on client versions of Windows
#

---------------  S U M M A R Y ------------

Command Line: --add-modules=ALL-SYSTEM --add-opens=java.base/java.util=ALL-UNNAMED --add-opens=java.base/java.lang=ALL-UNNAMED --add-opens=java.base/sun.nio.fs=ALL-UNNAMED -Declipse.application=org.eclipse.jdt.ls.core.id1 -Dosgi.bundles.defaultStartLevel=4 -Declipse.product=org.eclipse.jdt.ls.core.product -Djava.import.generatesMetadataFilesAtProjectRoot=false -DDetectVMInstallationsJob.disabled=true -Dfile.encoding=utf8 -XX:+UseParallelGC -XX:GCTimeRatio=4 -XX:AdaptiveSizePolicyWeight=90 -Dsun.zip.disableMemoryMapping=true -Xmx2G -Xms100m -Xlog:disable -javaagent:c:\Users\Admin\.vscode\extensions\redhat.java-1.54.0-win32-x64\lombok\lombok-1.18.39-4050.jar -XX:+HeapDumpOnOutOfMemoryError -XX:HeapDumpPath=c:\Users\Admin\AppData\Roaming\Code\User\workspaceStorage\9d035f33ee963385900452351aeb3d6d\redhat.java -Daether.dependencyCollector.impl=bf c:\Users\Admin\.vscode\extensions\redhat.java-1.54.0-win32-x64\server\plugins\org.eclipse.equinox.launcher_1.7.100.v20251111-0406.jar -configuration c:\Users\Admin\AppData\Roaming\Code\User\globalStorage\redhat.java\1.54.0\config_win -data c:\Users\Admin\AppData\Roaming\Code\User\workspaceStorage\9d035f33ee963385900452351aeb3d6d\redhat.java\jdt_ws --pipe=\\.\pipe\lsp-e56a5833bfc1a4cca43ae35f60f1d6ef-sock

Host: Intel(R) Core(TM) i5-8265U CPU @ 1.60GHz, 8 cores, 7G,  Windows 11 , 64 bit Build 26100 (10.0.26100.8328)
Time: Fri May 22 16:09:34 2026 Greenwich elapsed time: 5.545048 seconds (0d 0h 0m 5s)

---------------  T H R E A D  ---------------

Current thread (0x0000016b7712b5f0):  JavaThread "Start Level: Equinox Container: 031a61ba-0bd7-410e-84b8-b054889c908e" daemon [_thread_in_vm, id=9020, stack(0x000000584d600000,0x000000584d700000) (1024K)]

Stack: [0x000000584d600000,0x000000584d700000]
Native frames: (J=compiled Java code, j=interpreted, Vv=VM code, C=native code)
V  [jvm.dll+0x6d7a39]
V  [jvm.dll+0x8b4b26]
V  [jvm.dll+0x8b70de]
V  [jvm.dll+0x8b77c3]
V  [jvm.dll+0x284346]
V  [jvm.dll+0x8b086e]
V  [jvm.dll+0x679444]
V  [jvm.dll+0x1e82bb]
V  [jvm.dll+0x1e807e]
V  [jvm.dll+0x67bd42]
V  [jvm.dll+0x67bb72]
V  [jvm.dll+0x679e1e]
V  [jvm.dll+0x26e1f0]
V  [jvm.dll+0x684085]
V  [jvm.dll+0x21955e]
V  [jvm.dll+0x219a05]
V  [jvm.dll+0x21a3f8]
V  [jvm.dll+0x20f62e]
V  [jvm.dll+0x5b644f]
V  [jvm.dll+0x82ead6]
V  [jvm.dll+0x478db8]
V  [jvm.dll+0x47ebe8]
C  [java.dll+0x17ec]

Java frames: (J=compiled Java code, j=interpreted, Vv=VM code)
J 1117  java.lang.ClassLoader.defineClass1(Ljava/lang/ClassLoader;Ljava/lang/String;[BIILjava/security/ProtectionDomain;Ljava/lang/String;)Ljava/lang/Class; java.base@21.0.10 (0 bytes) @ 0x0000016b23b23311 [0x0000016b23b23240+0x00000000000000d1]
J 1869 c1 java.lang.ClassLoader.defineClass(Ljava/lang/String;[BIILjava/security/ProtectionDomain;)Ljava/lang/Class; java.base@21.0.10 (43 bytes) @ 0x0000016b1c32517c [0x0000016b1c324e20+0x000000000000035c]
j  org.eclipse.osgi.internal.loader.ModuleClassLoader.defineClass(Ljava/lang/String;[BLorg/eclipse/osgi/internal/loader/classpath/ClasspathEntry;)Lorg/eclipse/osgi/internal/loader/ModuleClassLoader$DefineClassResult;+37
j  org.eclipse.osgi.internal.loader.classpath.ClasspathManager.defineClass(Ljava/lang/String;[BLorg/eclipse/osgi/internal/loader/classpath/ClasspathEntry;Lorg/eclipse/osgi/storage/bundlefile/BundleEntry;Ljava/util/List;)Ljava/lang/Class;+424
j  org.eclipse.osgi.internal.loader.classpath.ClasspathManager.findClassImpl(Ljava/lang/String;Lorg/eclipse/osgi/internal/loader/classpath/ClasspathEntry;Ljava/util/List;)Ljava/lang/Class;+288
j  org.eclipse.osgi.internal.loader.classpath.ClasspathManager.findLocalClassImpl(Ljava/lang/String;[Lorg/eclipse/osgi/internal/loader/classpath/ClasspathEntry;Ljava/util/List;)Ljava/lang/Class;+30
j  org.eclipse.osgi.internal.loader.classpath.ClasspathManager.findLocalClassImpl(Ljava/lang/String;Ljava/util/List;)Ljava/lang/Class;+69
j  org.eclipse.osgi.internal.loader.classpath.ClasspathManager.findLocalClass(Ljava/lang/String;)Ljava/lang/Class;+113
j  org.eclipse.osgi.internal.loader.ModuleClassLoader.findLocalClass(Ljava/lang/String;)Ljava/lang/Class;+5
j  org.eclipse.osgi.internal.loader.BundleLoader.findLocalClass(Ljava/lang/String;)Ljava/lang/Class;+65
J 2426 c1 org.eclipse.osgi.internal.loader.BundleLoader.findClass0(Ljava/lang/String;ZZ)Ljava/lang/Class; (490 bytes) @ 0x0000016b1c4688dc [0x0000016b1c465740+0x000000000000319c]
J 2425 c1 org.eclipse.osgi.internal.loader.BundleLoader.findClass(Ljava/lang/String;)Ljava/lang/Class; (8 bytes) @ 0x0000016b1c464d4c [0x0000016b1c464cc0+0x000000000000008c]
J 2427 c1 org.eclipse.osgi.internal.loader.ModuleClassLoader.loadClass(Ljava/lang/String;Z)Ljava/lang/Class; (36 bytes) @ 0x0000016b1c46c34c [0x0000016b1c46c120+0x000000000000022c]
J 1007 c1 java.lang.ClassLoader.loadClass(Ljava/lang/String;)Ljava/lang/Class; java.base@21.0.10 (7 bytes) @ 0x0000016b1c16ca54 [0x0000016b1c16c940+0x0000000000000114]
v  ~StubRoutines::call_stub 0x0000016b2351100d
j  org.apache.felix.scr.impl.xml.XmlHandler.startElement(Ljava/lang/String;Ljava/lang/String;Ljava/lang/String;Lorg/xml/sax/Attributes;)V+1378
j  com.sun.org.apache.xerces.internal.parsers.AbstractSAXParser.startElement(Lcom/sun/org/apache/xerces/internal/xni/QName;Lcom/sun/org/apache/xerces/internal/xni/XMLAttributes;Lcom/sun/org/apache/xerces/internal/xni/Augmentations;)V+297 java.xml@21.0.10
j  com.sun.org.apache.xerces.internal.parsers.AbstractXMLDocumentParser.emptyElement(Lcom/sun/org/apache/xerces/internal/xni/QName;Lcom/sun/org/apache/xerces/internal/xni/XMLAttributes;Lcom/sun/org/apache/xerces/internal/xni/Augmentations;)V+4 java.xml@21.0.10
j  com.sun.org.apache.xerces.internal.impl.XMLNSDocumentScannerImpl.scanStartElement()Z+958 java.xml@21.0.10
j  com.sun.org.apache.xerces.internal.impl.XMLDocumentFragmentScannerImpl$FragmentContentDriver.next()I+427 java.xml@21.0.10
j  com.sun.org.apache.xerces.internal.impl.XMLDocumentScannerImpl.next()I+4 java.xml@21.0.10
j  com.sun.org.apache.xerces.internal.impl.XMLNSDocumentScannerImpl.next()I+31 java.xml@21.0.10
j  com.sun.org.apache.xerces.internal.impl.XMLDocumentFragmentScannerImpl.scanDocument(Z)Z+312 java.xml@21.0.10
j  com.sun.org.apache.xerces.internal.parsers.XML11Configuration.parse(Z)Z+121 java.xml@21.0.10
j  com.sun.org.apache.xerces.internal.parsers.XML11Configuration.parse(Lcom/sun/org/apache/xerces/internal/xni/parser/XMLInputSource;)V+30 java.xml@21.0.10
j  com.sun.org.apache.xerces.internal.parsers.XMLParser.parse(Lcom/sun/org/apache/xerces/internal/xni/parser/XMLInputSource;)V+76 java.xml@21.0.10
j  com.sun.org.apache.xerces.internal.parsers.AbstractSAXParser.parse(Lorg/xml/sax/InputSource;)V+44 java.xml@21.0.10
j  com.sun.org.apache.xerces.internal.jaxp.SAXParserImpl$JAXPSAXParser.parse(Lorg/xml/sax/InputSource;)V+53 java.xml@21.0.10
j  com.sun.org.apache.xerces.internal.jaxp.SAXParserImpl.parse(Lorg/xml/sax/InputSource;Lorg/xml/sax/helpers/DefaultHandler;)V+61 java.xml@21.0.10
j  javax.xml.parsers.SAXParser.parse(Ljava/io/InputStream;Lorg/xml/sax/helpers/DefaultHandler;)V+26 java.xml@21.0.10
j  org.apache.felix.scr.impl.BundleComponentActivator.loadDescriptor(Ljava/net/URL;)V+74
j  org.apache.felix.scr.impl.BundleComponentActivator.initialize(Ljava/util/List;)V+259
j  org.apache.felix.scr.impl.BundleComponentActivator.<init>(Lorg/apache/felix/scr/impl/logger/ScrLogger;Lorg/apache/felix/scr/impl/ComponentRegistry;Ljava/util/concurrent/ScheduledExecutorService;Lorg/osgi/framework/BundleContext;Lorg/apache/felix/scr/impl/manager/ScrConfiguration;Ljava/util/List;Lorg/osgi/framework/ServiceReference;)V+124
j  org.apache.felix.scr.impl.Activator.loadComponents(Lorg/osgi/framework/Bundle;)V+385
j  org.apache.felix.scr.impl.Activator.access$200(Lorg/apache/felix/scr/impl/Activator;Lorg/osgi/framework/Bundle;)V+2
j  org.apache.felix.scr.impl.Activator$ScrExtension.start()V+72
j  org.apache.felix.scr.impl.AbstractExtender.createExtension(Lorg/osgi/framework/Bundle;)V+71
j  org.apache.felix.scr.impl.AbstractExtender.modifiedBundle(Lorg/osgi/framework/Bundle;Lorg/osgi/framework/BundleEvent;Lorg/osgi/framework/Bundle;)V+115
j  org.apache.felix.scr.impl.AbstractExtender.addingBundle(Lorg/osgi/framework/Bundle;Lorg/osgi/framework/BundleEvent;)Lorg/osgi/framework/Bundle;+4
j  org.apache.felix.scr.impl.AbstractExtender.addingBundle(Lorg/osgi/framework/Bundle;Lorg/osgi/framework/BundleEvent;)Ljava/lang/Object;+3
j  org.osgi.util.tracker.BundleTracker$Tracked.customizerAdding(Lorg/osgi/framework/Bundle;Lorg/osgi/framework/BundleEvent;)Ljava/lang/Object;+9
j  org.osgi.util.tracker.BundleTracker$Tracked.customizerAdding(Ljava/lang/Object;Ljava/lang/Object;)Ljava/lang/Object;+9
j  org.osgi.util.tracker.AbstractTracked.trackAdding(Ljava/lang/Object;Ljava/lang/Object;)V+8
j  org.osgi.util.tracker.AbstractTracked.track(Ljava/lang/Object;Ljava/lang/Object;)V+83
j  org.osgi.util.tracker.BundleTracker$Tracked.bundleChanged(Lorg/osgi/framework/BundleEvent;)V+35
j  org.eclipse.osgi.internal.framework.BundleContextImpl.dispatchEvent(Ljava/lang/Object;Ljava/lang/Object;ILjava/lang/Object;)V+166
j  org.eclipse.osgi.framework.eventmgr.EventManager.dispatchEvent(Ljava/util/Set;Lorg/eclipse/osgi/framework/eventmgr/EventDispatcher;ILjava/lang/Object;)V+48
j  org.eclipse.osgi.framework.eventmgr.ListenerQueue.dispatchEventSynchronous(ILjava/lang/Object;)V+67
j  org.eclipse.osgi.internal.framework.EquinoxEventPublisher.publishBundleEventPrivileged(Lorg/osgi/framework/BundleEvent;)V+547
j  org.eclipse.osgi.internal.framework.EquinoxEventPublisher.publishBundleEvent(Lorg/osgi/framework/BundleEvent;)V+8
j  org.eclipse.osgi.internal.framework.EquinoxEventPublisher.publishBundleEvent(ILorg/osgi/framework/Bundle;Lorg/osgi/framework/Bundle;)V+15
j  org.eclipse.osgi.internal.framework.EquinoxContainerAdaptor.publishModuleEvent(Lorg/eclipse/osgi/container/ModuleContainerAdaptor$ModuleEvent;Lorg/eclipse/osgi/container/Module;Lorg/eclipse/osgi/container/Module;)V+29
j  org.eclipse.osgi.container.Module.publishEvent(Lorg/eclipse/osgi/container/ModuleContainerAdaptor$ModuleEvent;)V+13
j  org.eclipse.osgi.container.Module.start([Lorg/eclipse/osgi/container/Module$StartOptions;)V+588
j  org.eclipse.osgi.container.ModuleContainer$ContainerStartLevel$2.run()V+83
j  org.eclipse.osgi.internal.framework.EquinoxContainerAdaptor$1$1.execute(Ljava/lang/Runnable;)V+1
j  org.eclipse.osgi.container.ModuleContainer$ContainerStartLevel.incStartLevel(ILjava/util/List;Z)V+193
j  org.eclipse.osgi.container.ModuleContainer$ContainerStartLevel.incStartLevel(ILjava/util/List;Ljava/util/List;Ljava/util/List;Ljava/util/List;)V+4
j  org.eclipse.osgi.container.ModuleContainer$ContainerStartLevel.doContainerStartLevel(Lorg/eclipse/osgi/container/Module;I[Lorg/osgi/framework/FrameworkListener;)V+358
j  org.eclipse.osgi.container.ModuleContainer$ContainerStartLevel.dispatchEvent(Lorg/eclipse/osgi/container/Module;[Lorg/osgi/framework/FrameworkListener;ILjava/lang/Integer;)V+32
j  org.eclipse.osgi.container.ModuleContainer$ContainerStartLevel.dispatchEvent(Ljava/lang/Object;Ljava/lang/Object;ILjava/lang/Object;)V+15
j  org.eclipse.osgi.framework.eventmgr.EventManager.dispatchEvent(Ljava/util/Set;Lorg/eclipse/osgi/framework/eventmgr/EventDispatcher;ILjava/lang/Object;)V+48
j  org.eclipse.osgi.framework.eventmgr.EventManager$EventThread.run()V+26
v  ~StubRoutines::call_stub 0x0000016b2351100d

Compiled method (n/a) 5594 1117     n 0       java.lang.ClassLoader::defineClass1 (native)
 total in heap  [0x0000016b23b23090,0x0000016b23b23518] = 1160
 relocation     [0x0000016b23b231f0,0x0000016b23b23228] = 56
 main code      [0x0000016b23b23240,0x0000016b23b23516] = 726
 stub code      [0x0000016b23b23516,0x0000016b23b23518] = 2

[Constant Pool (empty)]

[MachCode]
[Entry Point]
  # {method} {0x0000016b30434f58} 'defineClass1' '(Ljava/lang/ClassLoader;Ljava/lang/String;[BIILjava/security/ProtectionDomain;Ljava/lang/String;)Ljava/lang/Class;' in 'java/lang/ClassLoader'
  # parm0:    rdx:rdx   = 'java/lang/ClassLoader'
  # parm1:    r8:r8     = 'java/lang/String'
  # parm2:    r9:r9     = '[B'
  # parm3:    rdi       = int
  # parm4:    rsi       = int
  # parm5:    rcx:rcx   = 'java/security/ProtectionDomain'
  # parm6:    [sp+0xa0]   = 'java/lang/String'  (sp of caller)
  0x0000016b23b23240: 448b 5208 | 49bb 0000 | 0030 6b01 | 0000 4d03 | d349 3bc2 | 0f84 0600 

  0x0000016b23b23258: ;   {runtime_call ic_miss_stub}
  0x0000016b23b23258: 0000 e921 | b2a3 ff90 
[Verified Entry Point]
  0x0000016b23b23260: 8984 2400 | 80ff ff55 | 488b ec48 | 81ec 9000 | 0000 6690 | 4181 7f20 | 0100 0000 

  0x0000016b23b2327c: ;   {runtime_call StubRoutines (final stubs)}
  0x0000016b23b2327c: 7405 e85d | 57a2 ff48 | 837d 1000 | 488d 4510 | 480f 4445 | 1048 8944 | 2440 4889 | 4c24 7048 
  0x0000016b23b2329c: 83f9 0048 | 8d44 2470 | 480f 4444 | 2470 4889 | 4424 3848 | 8974 2430 | 4889 7c24 | 284c 894c 
  0x0000016b23b232bc: 2458 4983 | f900 488d | 4424 5848 | 0f44 4424 | 5848 8944 | 2420 4c89 | 4424 5049 | 83f8 004c 
  0x0000016b23b232dc: 8d4c 2450 | 4c0f 444c | 2450 4889 | 5424 4848 | 83fa 004c | 8d44 2448 | 4c0f 4444 

  0x0000016b23b232f8: ;   {oop(a 'java/lang/Class'{0x0000000080000a68} = 'java/lang/ClassLoader')}
  0x0000016b23b232f8: 2448 49be | 680a 0080 | 0000 0000 | 4c89 7424 | 784c 8d74 | 2478 498b | d6c5 f877 

  0x0000016b23b23314: ;   {internal_word}
  0x0000016b23b23314: 49ba 1133 | b223 6b01 | 0000 4d89 | 97a8 0300 | 0049 89a7 | a003 0000 

  0x0000016b23b2332c: ;   {external_word}
  0x0000016b23b2332c: 49ba c65c | ab14 fb7f | 0000 4180 | 3a00 0f84 | 4e00 0000 | 5241 5041 

  0x0000016b23b23344: ;   {metadata({method} {0x0000016b30434f58} 'defineClass1' '(Ljava/lang/ClassLoader;Ljava/lang/String;[BIILjava/security/ProtectionDomain;Ljava/lang/String;)Ljava/lang/Class;' in 'java/lang/ClassLoader')}
  0x0000016b23b23344: 5148 ba50 | 4f43 306b | 0100 0049 | 8bcf 4883 | ec20 40f6 | c40f 0f84 | 1900 0000 | 4883 ec08 
  0x0000016b23b23364: ;   {runtime_call}
  0x0000016b23b23364: 48b8 50e1 | 5414 fb7f | 0000 ffd0 | 4883 c408 | e90c 0000 

  0x0000016b23b23378: ;   {runtime_call}
  0x0000016b23b23378: 0048 b850 | e154 14fb | 7f00 00ff | d048 83c4 | 2041 5941 | 585a 498d | 8fc0 0300 | 0041 c787 
  0x0000016b23b23398: 4c04 0000 | 0400 0000 

  0x0000016b23b233a0: ;   {runtime_call}
  0x0000016b23b233a0: 48b8 ac16 | c272 fb7f | 0000 ffd0 | c5f8 7741 | c787 4c04 | 0000 0500 | 0000 f083 | 4424 c000 
  0x0000016b23b233c0: 493b af50 | 0400 000f | 870e 0000 | 0041 83bf | 4804 0000 | 000f 842b | 0000 00c5 | f877 4889 
  0x0000016b23b233e0: 45f8 498b | cf4c 8be4 | 4883 ec20 | 4883 e4f0 

  0x0000016b23b233f0: ;   {runtime_call}
  0x0000016b23b233f0: 48b8 d052 | 2014 fb7f | 0000 ffd0 | 498b e44d | 33e4 488b | 45f8 41c7 | 874c 0400 | 0008 0000 
  0x0000016b23b23410: 0041 83bf | c804 0000 | 020f 84ca 

  0x0000016b23b2341c: ;   {external_word}
  0x0000016b23b2341c: 0000 0049 | bac6 5cab | 14fb 7f00 | 0041 803a | 000f 844c | 0000 0048 

  0x0000016b23b23434: ;   {metadata({method} {0x0000016b30434f58} 'defineClass1' '(Ljava/lang/ClassLoader;Ljava/lang/String;[BIILjava/security/ProtectionDomain;Ljava/lang/String;)Ljava/lang/Class;' in 'java/lang/ClassLoader')}
  0x0000016b23b23434: 8945 f848 | ba50 4f43 | 306b 0100 | 0049 8bcf | 4883 ec20 | 40f6 c40f | 0f84 1900 | 0000 4883 
  0x0000016b23b23454: ;   {runtime_call}
  0x0000016b23b23454: ec08 48b8 | 50e1 5414 | fb7f 0000 | ffd0 4883 | c408 e90c 

  0x0000016b23b23468: ;   {runtime_call}
  0x0000016b23b23468: 0000 0048 | b850 e154 | 14fb 7f00 | 00ff d048 | 83c4 2048 | 8b45 f849 | c787 a003 | 0000 0000 
  0x0000016b23b23488: 0000 49c7 | 87a8 0300 | 0000 0000 | 00c5 f877 | 4885 c00f | 8425 0000 | 00a8 030f | 8508 0000 
  0x0000016b23b234a8: 0048 8b00 | e915 0000 | 00a8 010f | 8509 0000 | 0048 8b40 | fee9 0400 | 0000 488b | 40ff 498b 
  0x0000016b23b234c8: 8f30 0400 | 00c7 8100 | 0100 0000 | 0000 00c9 | 4983 7f08 | 000f 8501 | 0000 00c3 

  0x0000016b23b234e4: ;   {runtime_call StubRoutines (initial stubs)}
  0x0000016b23b234e4: e917 da9e | ffc5 f877 | 4889 45f8 | 4c8b e448 | 83ec 2048 

  0x0000016b23b234f8: ;   {runtime_call}
  0x0000016b23b234f8: 83e4 f048 | b8a0 1855 | 14fb 7f00 | 00ff d049 | 8be4 4d33 | e448 8b45 | f8e9 09ff | ffff f4f4 
[/MachCode]


Compiled method (c1) 5606 1869       3       java.lang.ClassLoader::defineClass (43 bytes)
 total in heap  [0x0000016b1c324c10,0x0000016b1c325570] = 2400
 relocation     [0x0000016b1c324d70,0x0000016b1c324e10] = 160
 main code      [0x0000016b1c324e20,0x0000016b1c3252c0] = 1184
 stub code      [0x0000016b1c3252c0,0x0000016b1c325338] = 120
 metadata       [0x0000016b1c325338,0x0000016b1c325368] = 48
 scopes data    [0x0000016b1c325368,0x0000016b1c325458] = 240
 scopes pcs     [0x0000016b1c325458,0x0000016b1c325538] = 224
 dependencies   [0x0000016b1c325538,0x0000016b1c325548] = 16
 nul chk table  [0x0000016b1c325548,0x0000016b1c325570] = 40

[Constant Pool (empty)]

[MachCode]
[Entry Point]
  # {method} {0x0000016b304352d8} 'defineClass' '(Ljava/lang/String;[BIILjava/security/ProtectionDomain;)Ljava/lang/Class;' in 'java/lang/ClassLoader'
  # this:     rdx:rdx   = 'java/lang/ClassLoader'
  # parm0:    r8:r8     = 'java/lang/String'
  # parm1:    r9:r9     = '[B'
  # parm2:    rdi       = int
  # parm3:    rsi       = int
  # parm4:    rcx:rcx   = 'java/security/ProtectionDomain'
  #           [sp+0xc0]  (sp of caller)
  0x0000016b1c324e20: 448b 5208 | 49bb 0000 | 0030 6b01 | 0000 4d03 | d34c 3bd0 

  0x0000016b1c324e34: ;   {runtime_call ic_miss_stub}
  0x0000016b1c324e34: 0f85 4696 | 2307 660f | 1f44 0000 
[Verified Entry Point]
  0x0000016b1c324e40: 8984 2400 | 80ff ff55 | 4881 ecb0 | 0000 0090 | 4181 7f20 | 0100 0000 

  0x0000016b1c324e58: ;   {runtime_call StubRoutines (final stubs)}
  0x0000016b1c324e58: 7405 e881 | 3b22 0748 | 8954 2478 

  0x0000016b1c324e64: ;   {metadata(method data for {method} {0x0000016b304352d8} 'defineClass' '(Ljava/lang/String;[BIILjava/security/ProtectionDomain;)Ljava/lang/Class;' in 'java/lang/ClassLoader')}
  0x0000016b1c324e64: 48bb 60f7 | 3673 6b01 | 0000 8b83 | cc00 0000 | 83c0 0289 | 83cc 0000 | 0025 fe07 | 0000 85c0 
  0x0000016b1c324e84: 0f84 5803 | 0000 89b4 | 2494 0000 | 0089 bc24 | 9000 0000 | 4c89 8c24 | 8800 0000 

  0x0000016b1c324ea0: ;   {metadata(method data for {method} {0x0000016b304352d8} 'defineClass' '(Ljava/lang/String;[BIILjava/security/ProtectionDomain;)Ljava/lang/Class;' in 'java/lang/ClassLoader')}
  0x0000016b1c324ea0: 488b da48 | b860 f736 | 736b 0100 | 0048 8380 | 1001 0000 | 0149 8bd8 | 4c8b c34c | 8bc9 488b 
  0x0000016b1c324ec0: ca48 8bd1 | 4889 9c24 | 8000 0000 

  0x0000016b1c324ecc: ;   {optimized virtual_call}
  0x0000016b1c324ecc: 6666 90e8 

  0x0000016b1c324ed0: ; ImmutableOopMap {[120]=Oop [128]=Oop [136]=Oop }
                      ;*invokevirtual preDefineClass {reexecute=0 rethrow=0 return_oop=0}
                      ; - java.lang.ClassLoader::defineClass@4
  0x0000016b1c324ed0: 4cea eeff 

  0x0000016b1c324ed4: ;   {other}
  0x0000016b1c324ed4: 0f1f 8400 | c402 0000 | 4889 8424 | 9800 0000 | 488b 5424 

  0x0000016b1c324ee8: ;   {metadata(method data for {method} {0x0000016b304352d8} 'defineClass' '(Ljava/lang/String;[BIILjava/security/ProtectionDomain;)Ljava/lang/Class;' in 'java/lang/ClassLoader')}
  0x0000016b1c324ee8: 7849 b860 | f736 736b | 0100 0049 | 8380 4801 

  0x0000016b1c324ef8: ;   {metadata(method data for {method} {0x0000016b30434fc0} 'defineClassSourceLocation' '(Ljava/security/ProtectionDomain;)Ljava/lang/String;' in 'java/lang/ClassLoader')}
  0x0000016b1c324ef8: 0000 0149 | b878 fe36 | 736b 0100 | 0041 8b90 | cc00 0000 | 83c2 0241 | 8990 cc00 | 0000 81e2 
  0x0000016b1c324f18: feff 1f00 | 85d2 0f84 | df02 0000 

  0x0000016b1c324f24: ; implicit exception: dispatches to 0x0000016b1c325224
  0x0000016b1c324f24: 483b 004c 

  0x0000016b1c324f28: ;   {metadata(method data for {method} {0x0000016b30434fc0} 'defineClassSourceLocation' '(Ljava/security/ProtectionDomain;)Ljava/lang/String;' in 'java/lang/ClassLoader')}
  0x0000016b1c324f28: 8bc0 48ba | 78fe 3673 | 6b01 0000 | 4883 8210 | 0100 0001 | 448b 4010 

  0x0000016b1c324f40: ;   {metadata(method data for {method} {0x0000016b30434fc0} 'defineClassSourceLocation' '(Ljava/security/ProtectionDomain;)Ljava/lang/String;' in 'java/lang/ClassLoader')}
  0x0000016b1c324f40: 4d85 c048 | ba78 fe36 | 736b 0100 | 0048 c7c6 | 5801 0000 | 7507 48c7 | c648 0100 | 0048 8b3c 
  0x0000016b1c324f60: 3248 8d7f | 0148 893c | 320f 850f 

  0x0000016b1c324f6c: ;   {oop(nullptr)}
  0x0000016b1c324f6c: 0000 0048 | bb00 0000 | 0000 0000 | 00e9 a901 | 0000 493b | 0049 8bd0 

  0x0000016b1c324f84: ;   {metadata(method data for {method} {0x0000016b30434fc0} 'defineClassSourceLocation' '(Ljava/security/ProtectionDomain;)Ljava/lang/String;' in 'java/lang/ClassLoader')}
  0x0000016b1c324f84: 48be 78fe | 3673 6b01 | 0000 4883 | 8668 0100 | 0001 418b | 500c 4885 

  0x0000016b1c324f9c: ;   {metadata(method data for {method} {0x0000016b30434fc0} 'defineClassSourceLocation' '(Ljava/security/ProtectionDomain;)Ljava/lang/String;' in 'java/lang/ClassLoader')}
  0x0000016b1c324f9c: d248 be78 | fe36 736b | 0100 0048 | c7c7 b001 | 0000 7507 | 48c7 c7a0 | 0100 0048 | 8b1c 3e48 
  0x0000016b1c324fbc: 8d5b 0148 | 891c 3e0f | 850f 0000 

  0x0000016b1c324fc8: ;   {oop(nullptr)}
  0x0000016b1c324fc8: 0048 bb00 | 0000 0000 | 0000 00e9 | 4f01 0000 

  0x0000016b1c324fd8: ;   {metadata(method data for {method} {0x0000016b30434fc0} 'defineClassSourceLocation' '(Ljava/security/ProtectionDomain;)Ljava/lang/String;' in 'java/lang/ClassLoader')}
  0x0000016b1c324fd8: 48be 78fe | 3673 6b01 | 0000 4883 | 86c0 0100 | 0001 483b | 024c 8bc2 

  0x0000016b1c324ff0: ;   {metadata(method data for {method} {0x0000016b30434fc0} 'defineClassSourceLocation' '(Ljava/security/ProtectionDomain;)Ljava/lang/String;' in 'java/lang/ClassLoader')}
  0x0000016b1c324ff0: 48be 78fe | 3673 6b01 | 0000 4883 | 86f8 0100 

  0x0000016b1c325000: ;   {metadata(method data for {method} {0x0000016b3001abf0} 'toString' '()Ljava/lang/String;' in 'java/net/URL')}
  0x0000016b1c325000: 0001 49b8 | 48f2 3673 | 6b01 0000 | 418b b0cc | 0000 0083 | c602 4189 | b0cc 0000 | 0081 e6fe 
  0x0000016b1c325020: ff1f 0085 | f60f 8408 | 0200 004c 

  0x0000016b1c32502c: ;   {metadata(method data for {method} {0x0000016b3001abf0} 'toString' '()Ljava/lang/String;' in 'java/net/URL')}
  0x0000016b1c32502c: 8bc2 48be | 48f2 3673 | 6b01 0000 | 4883 8610 | 0100 0001 

  0x0000016b1c325040: ;   {metadata(method data for {method} {0x0000016b30428b60} 'toExternalForm' '()Ljava/lang/String;' in 'java/net/URL')}
  0x0000016b1c325040: 49b8 f889 | 3673 6b01 | 0000 418b | b0cc 0000 | 0083 c602 | 4189 b0cc | 0000 0081 | e6fe ff1f 
  0x0000016b1c325060: 0085 f60f | 84eb 0100 | 008b 7238 

  0x0000016b1c32506c: ; implicit exception: dispatches to 0x0000016b1c325275
  0x0000016b1c32506c: 483b 064c 

  0x0000016b1c325070: ;   {metadata(method data for {method} {0x0000016b30428b60} 'toExternalForm' '()Ljava/lang/String;' in 'java/net/URL')}
  0x0000016b1c325070: 8bc6 48bf | f889 3673 | 6b01 0000 | 458b 4008 | 49ba 0000 | 0030 6b01 | 0000 4d03 | c24c 3b87 
  0x0000016b1c325090: 2001 0000 | 750d 4883 | 8728 0100 | 0001 e960 | 0000 004c | 3b87 3001 | 0000 750d | 4883 8738 
  0x0000016b1c3250b0: 0100 0001 | e94a 0000 | 0048 83bf | 2001 0000 | 0075 174c | 8987 2001 | 0000 48c7 | 8728 0100 
  0x0000016b1c3250d0: 0001 0000 | 00e9 2900 | 0000 4883 | bf30 0100 | 0000 7517 | 4c89 8730 | 0100 0048 | c787 3801 
  0x0000016b1c3250f0: 0000 0100 | 0000 e908 | 0000 0048 | 8387 1001 | 0000 014c | 8bc2 488b | d60f 1f40 | 0048 b8ff 
  0x0000016b1c325110: ffff ffff 

  0x0000016b1c325114: ;   {virtual_call}
  0x0000016b1c325114: ffff ffe8 

  0x0000016b1c325118: ; ImmutableOopMap {[120]=Oop [128]=Oop [136]=Oop [152]=Oop }
                      ;*invokevirtual toExternalForm {reexecute=0 rethrow=0 return_oop=0}
                      ; - java.net.URL::toExternalForm@5
                      ; - java.net.URL::toString@1
                      ; - java.lang.ClassLoader::defineClassSourceLocation@22
                      ; - java.lang.ClassLoader::defineClass@12
  0x0000016b1c325118: 3439 2f07 

  0x0000016b1c32511c: ;   {other}
  0x0000016b1c32511c: 0f1f 8400 | 0c05 0001 | 488b d848 | 8b84 2498 | 0000 008b | b424 9400 | 0000 8bbc | 2490 0000 
  0x0000016b1c32513c: 004c 8b8c | 2488 0000 | 004c 8b84 | 2480 0000 | 0048 8b54 

  0x0000016b1c325150: ;   {metadata(method data for {method} {0x0000016b304352d8} 'defineClass' '(Ljava/lang/String;[BIILjava/security/ProtectionDomain;)Ljava/lang/Class;' in 'java/lang/ClassLoader')}
  0x0000016b1c325150: 2478 48b9 | 60f7 3673 | 6b01 0000 | 4883 8180 | 0100 0001 | 4c8b da49 | 8bd3 488b | c848 891c 
  0x0000016b1c325170: 2466 0f1f 

  0x0000016b1c325174: ;   {static_call}
  0x0000016b1c325174: 4400 00e8 

  0x0000016b1c325178: ; ImmutableOopMap {[120]=Oop [152]=Oop }
                      ;*invokestatic defineClass1 {reexecute=0 rethrow=0 return_oop=0}
                      ; - java.lang.ClassLoader::defineClass@27
  0x0000016b1c325178: e4e0 7f07 

  0x0000016b1c32517c: ;   {other}
  0x0000016b1c32517c: 0f1f 8400 | 6c05 0002 | 488b 5424 

  0x0000016b1c325188: ;   {metadata(method data for {method} {0x0000016b304352d8} 'defineClass' '(Ljava/lang/String;[BIILjava/security/ProtectionDomain;)Ljava/lang/Class;' in 'java/lang/ClassLoader')}
  0x0000016b1c325188: 7849 b860 | f736 736b | 0100 0049 | 8380 9001 | 0000 014c | 8bc0 4c8b | 8c24 9800 | 0000 488b 
  0x0000016b1c3251a8: 5424 7848 | 8984 24a0 | 0000 000f 

  0x0000016b1c3251b4: ;   {optimized virtual_call}
  0x0000016b1c3251b4: 1f40 00e8 

  0x0000016b1c3251b8: ; ImmutableOopMap {[160]=Oop }
                      ;*invokevirtual postDefineClass {reexecute=0 rethrow=0 return_oop=0}
                      ; - java.lang.ClassLoader::defineClass@37
  0x0000016b1c3251b8: e4a6 f7ff 

  0x0000016b1c3251bc: ;   {other}
  0x0000016b1c3251bc: 0f1f 8400 | ac05 0003 | 488b 8424 | a000 0000 | 4881 c4b0 | 0000 005d 

  0x0000016b1c3251d4: ;   {poll_return}
  0x0000016b1c3251d4: 493b a750 | 0400 000f | 8799 0000 

  0x0000016b1c3251e0: ;   {metadata({method} {0x0000016b304352d8} 'defineClass' '(Ljava/lang/String;[BIILjava/security/ProtectionDomain;)Ljava/lang/Class;' in 'java/lang/ClassLoader')}
  0x0000016b1c3251e0: 00c3 49ba | d052 4330 | 6b01 0000 | 4c89 5424 | 0848 c704 | 24ff ffff 

  0x0000016b1c3251f8: ;   {runtime_call counter_overflow Runtime1 stub}
  0x0000016b1c3251f8: ffe8 82d4 

  0x0000016b1c3251fc: ; ImmutableOopMap {rdx=Oop r8=Oop r9=Oop rcx=Oop [120]=Oop }
                      ;*synchronization entry
                      ; - java.lang.ClassLoader::defineClass@-1
  0x0000016b1c3251fc: 2e07 e987 

  0x0000016b1c325200: ;   {metadata({method} {0x0000016b30434fc0} 'defineClassSourceLocation' '(Ljava/security/ProtectionDomain;)Ljava/lang/String;' in 'java/lang/ClassLoader')}
  0x0000016b1c325200: fcff ff49 | bab8 4f43 | 306b 0100 | 004c 8954 | 2408 48c7 | 0424 ffff 

  0x0000016b1c325218: ;   {runtime_call counter_overflow Runtime1 stub}
  0x0000016b1c325218: ffff e861 

  0x0000016b1c32521c: ; ImmutableOopMap {rax=Oop [120]=Oop [128]=Oop [136]=Oop [152]=Oop }
                      ;*synchronization entry
                      ; - java.lang.ClassLoader::defineClassSourceLocation@-1
                      ; - java.lang.ClassLoader::defineClass@12
  0x0000016b1c32521c: d42e 07e9 | 00fd ffff 

  0x0000016b1c325224: ;   {runtime_call throw_null_pointer_exception Runtime1 stub}
  0x0000016b1c325224: e857 832e 

  0x0000016b1c325228: ; ImmutableOopMap {rax=Oop [120]=Oop [128]=Oop [136]=Oop [152]=Oop }
                      ;*invokevirtual getCodeSource {reexecute=0 rethrow=0 return_oop=0}
                      ; - java.lang.ClassLoader::defineClassSourceLocation@1
                      ; - java.lang.ClassLoader::defineClass@12
                      ;   {runtime_call throw_null_pointer_exception Runtime1 stub}
  0x0000016b1c325228: 07e8 5283 

  0x0000016b1c32522c: ; ImmutableOopMap {rax=Oop r8=Oop [120]=Oop [128]=Oop [136]=Oop [152]=Oop }
                      ;*invokevirtual getLocation {reexecute=0 rethrow=0 return_oop=0}
                      ; - java.lang.ClassLoader::defineClassSourceLocation@12
                      ; - java.lang.ClassLoader::defineClass@12
                      ;   {runtime_call throw_null_pointer_exception Runtime1 stub}
  0x0000016b1c32522c: 2e07 e84d 

  0x0000016b1c325230: ; ImmutableOopMap {rdx=Oop [120]=Oop [128]=Oop [136]=Oop [152]=Oop }
                      ;*invokevirtual toString {reexecute=0 rethrow=0 return_oop=0}
                      ; - java.lang.ClassLoader::defineClassSourceLocation@22
                      ; - java.lang.ClassLoader::defineClass@12
                      ;   {metadata({method} {0x0000016b3001abf0} 'toString' '()Ljava/lang/String;' in 'java/net/URL')}
  0x0000016b1c325230: 832e 0749 | bae8 ab01 | 306b 0100 | 004c 8954 | 2408 48c7 | 0424 ffff 

  0x0000016b1c325248: ;   {runtime_call counter_overflow Runtime1 stub}
  0x0000016b1c325248: ffff e831 

  0x0000016b1c32524c: ; ImmutableOopMap {rdx=Oop [120]=Oop [128]=Oop [136]=Oop [152]=Oop }
                      ;*synchronization entry
                      ; - java.net.URL::toString@-1
                      ; - java.lang.ClassLoader::defineClassSourceLocation@22
                      ; - java.lang.ClassLoader::defineClass@12
  0x0000016b1c32524c: d42e 07e9 | d7fd ffff 

  0x0000016b1c325254: ;   {metadata({method} {0x0000016b30428b60} 'toExternalForm' '()Ljava/lang/String;' in 'java/net/URL')}
  0x0000016b1c325254: 49ba 588b | 4230 6b01 | 0000 4c89 | 5424 0848 | c704 24ff 

  0x0000016b1c325268: ;   {runtime_call counter_overflow Runtime1 stub}
  0x0000016b1c325268: ffff ffe8 

  0x0000016b1c32526c: ; ImmutableOopMap {rdx=Oop [120]=Oop [128]=Oop [136]=Oop [152]=Oop }
                      ;*synchronization entry
                      ; - java.net.URL::toExternalForm@-1
                      ; - java.net.URL::toString@1
                      ; - java.lang.ClassLoader::defineClassSourceLocation@22
                      ; - java.lang.ClassLoader::defineClass@12
  0x0000016b1c32526c: 10d4 2e07 | e9f4 fdff 

  0x0000016b1c325274: ;   {runtime_call throw_null_pointer_exception Runtime1 stub}
  0x0000016b1c325274: ffe8 0683 

  0x0000016b1c325278: ; ImmutableOopMap {rdx=Oop rsi=Oop [120]=Oop [128]=Oop [136]=Oop [152]=Oop }
                      ;*invokevirtual toExternalForm {reexecute=0 rethrow=0 return_oop=0}
                      ; - java.net.URL::toExternalForm@5
                      ; - java.net.URL::toString@1
                      ; - java.lang.ClassLoader::defineClassSourceLocation@22
                      ; - java.lang.ClassLoader::defineClass@12
                      ;   {internal_word}
  0x0000016b1c325278: 2e07 49ba | d451 321c | 6b01 0000 | 4d89 9768 

  0x0000016b1c325288: ;   {runtime_call SafepointBlob}
  0x0000016b1c325288: 0400 00e9 | 70f8 2307 | 498b 8700 | 0500 0049 | c787 0005 | 0000 0000 | 0000 49c7 | 8708 0500 
  0x0000016b1c3252a8: 0000 0000 | 0048 81c4 | b000 0000 

  0x0000016b1c3252b4: ;   {runtime_call unwind_exception Runtime1 stub}
  0x0000016b1c3252b4: 5de9 46a3 | 2507 f4f4 | f4f4 f4f4 
[Stub Code]
  0x0000016b1c3252c0: ;   {no_reloc}
  0x0000016b1c3252c0: 0f1f 4400 

  0x0000016b1c3252c4: ;   {static_stub}
  0x0000016b1c3252c4: 0048 bb00 | 0000 0000 

  0x0000016b1c3252cc: ;   {runtime_call nmethod}
  0x0000016b1c3252cc: 0000 00e9 | fbff ffff 

  0x0000016b1c3252d4: ;   {static_stub}
  0x0000016b1c3252d4: 48bb 0000 | 0000 0000 

  0x0000016b1c3252dc: ;   {runtime_call nmethod}
  0x0000016b1c3252dc: 0000 e9fb 

  0x0000016b1c3252e0: ;   {static_stub}
  0x0000016b1c3252e0: ffff ff48 | bb00 0000 | 0000 0000 

  0x0000016b1c3252ec: ;   {runtime_call nmethod}
  0x0000016b1c3252ec: 00e9 fbff 

  0x0000016b1c3252f0: ;   {static_stub}
  0x0000016b1c3252f0: ffff 48bb | 0000 0000 | 0000 0000 

  0x0000016b1c3252fc: ;   {runtime_call nmethod}
  0x0000016b1c3252fc: e9fb ffff 

  0x0000016b1c325300: ;   {runtime_call handle_exception_from_callee Runtime1 stub}
  0x0000016b1c325300: ffe8 7aa0 

  0x0000016b1c325304: ;   {external_word}
  0x0000016b1c325304: 2e07 48b9 | 4053 8114 | fb7f 0000 | 4883 e4f0 

  0x0000016b1c325314: ;   {runtime_call}
  0x0000016b1c325314: 48b8 b0c3 | 4314 fb7f | 0000 ffd0 

  0x0000016b1c325320: ;   {section_word}
  0x0000016b1c325320: f449 ba21 | 5332 1c6b | 0100 0041 

  0x0000016b1c32532c: ;   {runtime_call DeoptimizationBlob}
  0x0000016b1c32532c: 52e9 6eea | 2307 f4f4 | f4f4 f4f4 
[/MachCode]


Compiled method (c1) 5635 2426   !   3       org.eclipse.osgi.internal.loader.BundleLoader::findClass0 (490 bytes)
 total in heap  [0x0000016b1c464e90,0x0000016b1c46ba70] = 27616
 relocation     [0x0000016b1c464ff0,0x0000016b1c465740] = 1872
 main code      [0x0000016b1c465740,0x0000016b1c469eb0] = 18288
 stub code      [0x0000016b1c469eb0,0x0000016b1c46a1f8] = 840
 oops           [0x0000016b1c46a1f8,0x0000016b1c46a230] = 56
 metadata       [0x0000016b1c46a230,0x0000016b1c46a348] = 280
 scopes data    [0x0000016b1c46a348,0x0000016b1c46add8] = 2704
 scopes pcs     [0x0000016b1c46add8,0x0000016b1c46b7e8] = 2576
 dependencies   [0x0000016b1c46b7e8,0x0000016b1c46b840] = 88
 handler table  [0x0000016b1c46b840,0x0000016b1c46b960] = 288
 nul chk table  [0x0000016b1c46b960,0x0000016b1c46ba70] = 272

[Constant Pool (empty)]

[MachCode]
[Entry Point]
  # {method} {0x0000016b7358c878} 'findClass0' '(Ljava/lang/String;ZZ)Ljava/lang/Class;' in 'org/eclipse/osgi/internal/loader/BundleLoader'
  # this:     rdx:rdx   = 'org/eclipse/osgi/internal/loader/BundleLoader'
  # parm0:    r8:r8     = 'java/lang/String'
  # parm1:    r9        = boolean
  # parm2:    rdi       = boolean
  #           [sp+0x180]  (sp of caller)
  0x0000016b1c465740: 448b 5208 | 49bb 0000 | 0030 6b01 | 0000 4d03 | d34c 3bd0 

  0x0000016b1c465754: ;   {runtime_call ic_miss_stub}
  0x0000016b1c465754: 0f85 268d | 0f07 660f | 1f44 0000 
[Verified Entry Point]
  0x0000016b1c465760: 8984 2400 | 80ff ff55 | 4881 ec70 | 0100 0090 | 4181 7f20 | 0100 0000 

  0x0000016b1c465778: ;   {runtime_call StubRoutines (final stubs)}
  0x0000016b1c465778: 7405 e861 | 320e 0748 | 8994 24a8 | 0000 004c | 8984 24a0 | 0000 0044 | 898c 24b0 

  0x0000016b1c465794: ;   {metadata(method data for {method} {0x0000016b7358c878} 'findClass0' '(Ljava/lang/String;ZZ)Ljava/lang/Class;' in 'org/eclipse/osgi/internal/loader/BundleLoader')}
  0x0000016b1c465794: 0000 0048 | be78 9684 | 736b 0100 | 008b 9ecc | 0000 0083 | c302 899e | cc00 0000 | 81e3 fe07 
  0x0000016b1c4657b4: 0000 85db | 0f84 243d | 0000 4585 

  0x0000016b1c4657c0: ;   {metadata(method data for {method} {0x0000016b7358c878} 'findClass0' '(Ljava/lang/String;ZZ)Ljava/lang/Class;' in 'org/eclipse/osgi/internal/loader/BundleLoader')}
  0x0000016b1c4657c0: c948 be78 | 9684 736b | 0100 0048 | c7c3 2001 | 0000 7507 | 48c7 c310 | 0100 0048 | 8b04 1e48 
  0x0000016b1c4657e0: 8d40 0148 | 8904 1e0f | 850c 0000 | 0089 bc24 | b400 0000 | e9ec 0000 | 008b 7248 

  0x0000016b1c4657fc: ;   {metadata(method data for {method} {0x0000016b7358c878} 'findClass0' '(Ljava/lang/String;ZZ)Ljava/lang/Class;' in 'org/eclipse/osgi/internal/loader/BundleLoader')}
  0x0000016b1c4657fc: 4885 f648 | be78 9684 | 736b 0100 | 0048 c7c3 | 3001 0000 | 7407 48c7 | c340 0100 | 0048 8b04 
  0x0000016b1c46581c: 1e48 8d40 | 0148 8904 | 1e89 bc24 | b400 0000 | 0f84 b300 | 0000 493b | 0049 8bf0 

  0x0000016b1c465838: ;   {metadata(method data for {method} {0x0000016b7358c878} 'findClass0' '(Ljava/lang/String;ZZ)Ljava/lang/Class;' in 'org/eclipse/osgi/internal/loader/BundleLoader')}
  0x0000016b1c465838: 48bb 7896 | 8473 6b01 | 0000 4883 | 8350 0100 

  0x0000016b1c465848: ;   {metadata(method data for {method} {0x0000016b30453e38} 'startsWith' '(Ljava/lang/String;)Z' in 'java/lang/String')}
  0x0000016b1c465848: 0001 48be | 80b7 0873 | 6b01 0000 | 8b9e cc00 | 0000 83c3 | 0289 9ecc | 0000 0081 | e3fe ff1f 
  0x0000016b1c465868: 0085 db0f | 8497 3c00 | 0049 8bf0 

  0x0000016b1c465874: ;   {metadata(method data for {method} {0x0000016b30453e38} 'startsWith' '(Ljava/lang/String;)Z' in 'java/lang/String')}
  0x0000016b1c465874: 48bb 80b7 | 0873 6b01 | 0000 4883 | 8310 0100 | 0001 498b 

  0x0000016b1c465888: ;   {oop("java."{0x0000000080006608})}
  0x0000016b1c465888: f049 b808 | 6600 8000 | 0000 0041 | b900 0000 | 0048 8bd6 

  0x0000016b1c46589c: ;   {optimized virtual_call}
  0x0000016b1c46589c: 6666 90e8 

  0x0000016b1c4658a0: ; ImmutableOopMap {[160]=Oop [168]=Oop }
                      ;*invokevirtual startsWith {reexecute=0 rethrow=0 return_oop=0}
                      ; - java.lang.String::startsWith@3
                      ; - org.eclipse.osgi.internal.loader.BundleLoader::findClass0@14 (line 466)
  0x0000016b1c4658a0: 3c60 6b07 

  0x0000016b1c4658a4: ;   {other}
  0x0000016b1c4658a4: 0f1f 8400 | 140a 0000 | 83e0 0185 

  0x0000016b1c4658b0: ;   {metadata(method data for {method} {0x0000016b7358c878} 'findClass0' '(Ljava/lang/String;ZZ)Ljava/lang/Class;' in 'org/eclipse/osgi/internal/loader/BundleLoader')}
  0x0000016b1c4658b0: c048 b978 | 9684 736b | 0100 0049 | c7c0 9801 | 0000 7507 | 49c7 c088 | 0100 004e | 8b0c 014d 
  0x0000016b1c4658d0: 8d49 014e | 890c 010f | 8549 3900 | 004c 8b84 | 24a0 0000 

  0x0000016b1c4658e4: ;   {metadata(method data for {method} {0x0000016b7358c878} 'findClass0' '(Ljava/lang/String;ZZ)Ljava/lang/Class;' in 'org/eclipse/osgi/internal/loader/BundleLoader')}
  0x0000016b1c4658e4: 0048 b978 | 9684 736b | 0100 0048 | 8381 e001 

  0x0000016b1c4658f4: ;   {metadata(method data for {method} {0x0000016b7358ac20} 'getPackageName' '(Ljava/lang/String;)Ljava/lang/String;' in 'org/eclipse/osgi/internal/loader/BundleLoader')}
  0x0000016b1c4658f4: 0000 0148 | b9c8 a384 | 736b 0100 | 0044 8b89 | cc00 0000 | 4183 c102 | 4489 89cc | 0000 0041 
  0x0000016b1c465914: 81e1 feff | 1f00 4585 | c90f 8406 | 3c00 004d 

  0x0000016b1c465924: ;   {metadata(method data for {method} {0x0000016b7358ac20} 'getPackageName' '(Ljava/lang/String;)Ljava/lang/String;' in 'org/eclipse/osgi/internal/loader/BundleLoader')}
  0x0000016b1c465924: 85c0 48b9 | c8a3 8473 | 6b01 0000 | 49c7 c110 | 0100 0074 | 0749 c7c1 | 2001 0000 | 4a8b 1409 
  0x0000016b1c465944: 488d 5201 | 4a89 1409 | 0f84 5801 | 0000 493b | 0049 8bc8 

  0x0000016b1c465958: ;   {metadata(method data for {method} {0x0000016b7358ac20} 'getPackageName' '(Ljava/lang/String;)Ljava/lang/String;' in 'org/eclipse/osgi/internal/loader/BundleLoader')}
  0x0000016b1c465958: 49b9 c8a3 | 8473 6b01 | 0000 4983 | 8130 0100 

  0x0000016b1c465968: ;   {metadata(method data for {method} {0x0000016b30453d30} 'lastIndexOf' '(I)I' in 'java/lang/String')}
  0x0000016b1c465968: 0001 48b9 | 287c 0573 | 6b01 0000 | 448b 89cc | 0000 0041 | 83c1 0244 | 8989 cc00 | 0000 4181 
  0x0000016b1c465988: e1fe ff1f | 0045 85c9 | 0f84 b93b | 0000 498b 

  0x0000016b1c465998: ;   {metadata(method data for {method} {0x0000016b30453d30} 'lastIndexOf' '(I)I' in 'java/lang/String')}
  0x0000016b1c465998: c849 b928 | 7c05 736b | 0100 0049 | 8381 1001 

  0x0000016b1c4659a8: ;   {metadata(method data for {method} {0x0000016b3000ee90} 'length' '()I' in 'java/lang/String')}
  0x0000016b1c4659a8: 0000 0148 | b9a0 0001 | 736b 0100 | 0044 8b89 | cc00 0000 | 4183 c102 | 4489 89cc | 0000 0041 
  0x0000016b1c4659c8: 81e1 feff | 1f00 4585 | c90f 8499 | 3b00 0041 | 8b48 1444 | 8b49 0c49 

  0x0000016b1c4659e0: ;   {metadata(method data for {method} {0x0000016b3000ee90} 'length' '()I' in 'java/lang/String')}
  0x0000016b1c4659e0: 8bc8 48ba | a000 0173 | 6b01 0000 | 4883 8210 | 0100 0001 

  0x0000016b1c4659f4: ;   {metadata(method data for {method} {0x0000016b30455018} 'coder' '()B' in 'java/lang/String')}
  0x0000016b1c4659f4: 48b9 28ff | 0073 6b01 | 0000 8b91 | cc00 0000 | 83c2 0289 | 91cc 0000 | 0081 e2fe | ff1f 0085 
  0x0000016b1c465a14: d20f 847b 

  0x0000016b1c465a18: ;   {metadata(method data for {method} {0x0000016b30455018} 'coder' '()B' in 'java/lang/String')}
  0x0000016b1c465a18: 3b00 0048 | b928 ff00 | 736b 0100 | 00ff 8120 | 0100 0041 | 0fbe 4810 

  0x0000016b1c465a30: ;   {metadata(method data for {method} {0x0000016b30455018} 'coder' '()B' in 'java/lang/String')}
  0x0000016b1c465a30: 48ba 28ff | 0073 6b01 | 0000 ff82 | 3001 0000 | c1e1 18c1 | f918 41d3 | f949 8bd0 

  0x0000016b1c465a4c: ;   {metadata(method data for {method} {0x0000016b30453d30} 'lastIndexOf' '(I)I' in 'java/lang/String')}
  0x0000016b1c465a4c: 48be 287c | 0573 6b01 | 0000 4883 | 8648 0100 | 0001 41ff | c949 8bf0 | 41b8 2e00 | 0000 488b 
  0x0000016b1c465a6c: ;   {optimized virtual_call}
  0x0000016b1c465a6c: d666 90e8 

  0x0000016b1c465a70: ; ImmutableOopMap {[160]=Oop [168]=Oop }
                      ;*invokevirtual lastIndexOf {reexecute=0 rethrow=0 return_oop=0}
                      ; - java.lang.String::lastIndexOf@8
                      ; - org.eclipse.osgi.internal.loader.BundleLoader::getPackageName@7 (line 143)
                      ; - org.eclipse.osgi.internal.loader.BundleLoader::findClass0@30 (line 473)
  0x0000016b1c465a70: 0c60 beff 

  0x0000016b1c465a74: ;   {other}
  0x0000016b1c465a74: 0f1f 8400 | e40b 0001 

  0x0000016b1c465a7c: ;   {metadata(method data for {method} {0x0000016b7358ac20} 'getPackageName' '(Ljava/lang/String;)Ljava/lang/String;' in 'org/eclipse/osgi/internal/loader/BundleLoader')}
  0x0000016b1c465a7c: 85c0 49b8 | c8a3 8473 | 6b01 0000 | 49c7 c178 | 0100 007f | 0749 c7c1 | 6801 0000 | 4b8b 1408 
  0x0000016b1c465a9c: 488d 5201 | 4b89 1408 | 0f8f 0f00 

  0x0000016b1c465aa8: ;   {oop("."{0x0000000080001038})}
  0x0000016b1c465aa8: 0000 48be | 3810 0080 | 0000 0000 | e93e 0000 | 004c 8b84 | 24a0 0000 

  0x0000016b1c465ac0: ;   {metadata(method data for {method} {0x0000016b7358ac20} 'getPackageName' '(Ljava/lang/String;)Ljava/lang/String;' in 'org/eclipse/osgi/internal/loader/BundleLoader')}
  0x0000016b1c465ac0: 0049 b9c8 | a384 736b | 0100 0049 | 8381 8801 | 0000 0141 | b800 0000 | 004c 8bc8 | 488b 9424 
  0x0000016b1c465ae0: a000 0000 

  0x0000016b1c465ae4: ;   {optimized virtual_call}
  0x0000016b1c465ae4: 6666 90e8 

  0x0000016b1c465ae8: ; ImmutableOopMap {[160]=Oop [168]=Oop }
                      ;*invokevirtual substring {reexecute=0 rethrow=0 return_oop=0}
                      ; - org.eclipse.osgi.internal.loader.BundleLoader::getPackageName@18 (line 145)
                      ; - org.eclipse.osgi.internal.loader.BundleLoader::findClass0@30 (line 473)
  0x0000016b1c465ae8: f434 f7ff 

  0x0000016b1c465aec: ;   {other}
  0x0000016b1c465aec: 0f1f 8400 | 5c0c 0002 | 488b f048 | 8b94 24a8 | 0000 0044 | 8b42 1849 | 3b00 498b 

  0x0000016b1c465b08: ;   {metadata(method data for {method} {0x0000016b7358c878} 'findClass0' '(Ljava/lang/String;ZZ)Ljava/lang/Class;' in 'org/eclipse/osgi/internal/loader/BundleLoader')}
  0x0000016b1c465b08: f848 bb78 | 9684 736b 

  0x0000016b1c465b10: ;   {metadata('org/eclipse/osgi/internal/debug/Debug')}
  0x0000016b1c465b10: 0100 0049 | ba80 0909 | 316b 0100 | 004c 8993 | 0002 0000 | 4883 8308 | 0200 0001 

  0x0000016b1c465b2c: ;   {metadata(method data for {method} {0x0000016b734e54e8} 'loaderWithPackage' '(Ljava/lang/String;)Ljava/lang/String;' in 'org/eclipse/osgi/internal/debug/Debug')}
  0x0000016b1c465b2c: 48bf c8a5 | 8473 6b01 | 0000 8b9f | cc00 0000 | 83c3 0289 | 9fcc 0000 | 0081 e3fe | ff1f 0085 
  0x0000016b1c465b4c: db0f 8469 | 3a00 0041 | 0fbe 780e 

  0x0000016b1c465b58: ;   {metadata(method data for {method} {0x0000016b734e54e8} 'loaderWithPackage' '(Ljava/lang/String;)Ljava/lang/String;' in 'org/eclipse/osgi/internal/debug/Debug')}
  0x0000016b1c465b58: 85ff 48bf | c8a5 8473 | 6b01 0000 | 48c7 c310 | 0100 0074 | 0748 c7c3 | 2001 0000 | 488b 041f 
  0x0000016b1c465b78: 488d 4001 | 4889 041f | 0f84 1700 

  0x0000016b1c465b84: ;   {oop("org.eclipse.osgi/debug/loader"{0x0000000080287818})}
  0x0000016b1c465b84: 0000 48bb | 1878 2880 | 0000 0000 | 4889 b424 | b800 0000 | e94e 0100 | 0041 0fbe | 780f 85ff 
  0x0000016b1c465ba4: ;   {metadata(method data for {method} {0x0000016b734e54e8} 'loaderWithPackage' '(Ljava/lang/String;)Ljava/lang/String;' in 'org/eclipse/osgi/internal/debug/Debug')}
  0x0000016b1c465ba4: 48bf c8a5 | 8473 6b01 | 0000 48c7 | c340 0100 | 0075 0748 | c7c3 3001 | 0000 488b | 041f 488d 
  0x0000016b1c465bc4: 4001 4889 | 041f 0f85 | 0d00 0000 | 4889 b424 | b800 0000 | e9f5 0000 | 0041 8b78 | 2048 3b07 
  0x0000016b1c465be4: ;   {metadata(method data for {method} {0x0000016b734e54e8} 'loaderWithPackage' '(Ljava/lang/String;)Ljava/lang/String;' in 'org/eclipse/osgi/internal/debug/Debug')}
  0x0000016b1c465be4: 4c8b c748 | bbc8 a584 | 736b 0100 | 0045 8b40 | 0849 ba00 | 0000 306b | 0100 004d | 03c2 4c3b 
  0x0000016b1c465c04: 8360 0100 | 0075 0d48 | 8383 6801 | 0000 01e9 | 6000 0000 | 4c3b 8370 | 0100 0075 | 0d48 8383 
  0x0000016b1c465c24: 7801 0000 | 01e9 4a00 | 0000 4883 | bb60 0100 | 0000 7517 | 4c89 8360 | 0100 0048 | c783 6801 
  0x0000016b1c465c44: 0000 0100 | 0000 e929 | 0000 0048 | 83bb 7001 | 0000 0075 | 174c 8983 | 7001 0000 | 48c7 8378 
  0x0000016b1c465c64: 0100 0001 | 0000 00e9 | 0800 0000 | 4883 8350 | 0100 0001 | 4c8b c648 | 8bd7 4889 | b424 b800 
  0x0000016b1c465c84: 0000 0f1f | 8000 0000 | 0048 b888 | 701c 306b 

  0x0000016b1c465c94: ;   {virtual_call}
  0x0000016b1c465c94: 0100 00e8 

  0x0000016b1c465c98: ; ImmutableOopMap {[160]=Oop [168]=Oop [184]=Oop }
                      ;*invokeinterface contains {reexecute=0 rethrow=0 return_oop=0}
                      ; - org.eclipse.osgi.internal.debug.Debug::loaderWithPackage@22 (line 275)
                      ; - org.eclipse.osgi.internal.loader.BundleLoader::findClass0@41 (line 474)
  0x0000016b1c465c98: 24b1 ffff 

  0x0000016b1c465c9c: ;   {other}
  0x0000016b1c465c9c: 0f1f 8400 | 0c0e 0003 

  0x0000016b1c465ca4: ;   {metadata(method data for {method} {0x0000016b734e54e8} 'loaderWithPackage' '(Ljava/lang/String;)Ljava/lang/String;' in 'org/eclipse/osgi/internal/debug/Debug')}
  0x0000016b1c465ca4: 85c0 48ba | c8a5 8473 | 6b01 0000 | 48c7 c698 | 0100 0075 | 0748 c7c6 | 8801 0000 | 488b 3c32 
  0x0000016b1c465cc4: 488d 7f01 | 4889 3c32 | 0f85 0f00 

  0x0000016b1c465cd0: ;   {oop(nullptr)}
  0x0000016b1c465cd0: 0000 48bb | 0000 0000 | 0000 0000 | e90a 0000 

  0x0000016b1c465ce0: ;   {oop("org.eclipse.osgi/debug/loader/packages"{0x000000008031a588})}
  0x0000016b1c465ce0: 0048 bb88 | a531 8000 | 0000 0048 

  0x0000016b1c465cec: ;   {metadata(method data for {method} {0x0000016b7358c878} 'findClass0' '(Ljava/lang/String;ZZ)Ljava/lang/Class;' in 'org/eclipse/osgi/internal/loader/BundleLoader')}
  0x0000016b1c465cec: 85db 48ba | 7896 8473 | 6b01 0000 | 48c7 c628 | 0200 0074 | 0748 c7c6 | 3802 0000 | 488b 3c32 
  0x0000016b1c465d0c: 488d 7f01 | 4889 3c32 | 4889 9c24 | d000 0000 | 0f84 f208 | 0000 488b | 9424 a800 | 0000 448b 
  0x0000016b1c465d2c: 4a18 4c89 | 8c24 c800 

  0x0000016b1c465d34: ;   {metadata('java/lang/StringBuilder')}
  0x0000016b1c465d34: 0000 48ba | 4080 0030 | 6b01 0000 | 498b 87b8 | 0100 0048 | 8d78 1849 | 3bbf c801 | 0000 0f87 
  0x0000016b1c465d54: 8a38 0000 | 4989 bfb8 | 0100 0048 | c700 0100 | 0000 488b | ca49 ba00 | 0000 306b | 0100 0049 
  0x0000016b1c465d74: 2bca 8948 | 0848 33c9 | 8948 0c48 | 33c9 4889 | 4810 4889 | 8424 c000 | 0000 4c8b 

  0x0000016b1c465d90: ;   {metadata(method data for {method} {0x0000016b7358c878} 'findClass0' '(Ljava/lang/String;ZZ)Ljava/lang/Class;' in 'org/eclipse/osgi/internal/loader/BundleLoader')}
  0x0000016b1c465d90: c048 ba78 | 9684 736b | 0100 0048 | 8382 4802 

  0x0000016b1c465da0: ;   {metadata(method data for {method} {0x0000016b30461da8} '<init>' '(Ljava/lang/String;)V' in 'java/lang/StringBuilder')}
  0x0000016b1c465da0: 0000 0149 | b850 5030 | 736b 0100 | 0041 8b90 | cc00 0000 | 83c2 0241 | 8990 cc00 | 0000 81e2 
  0x0000016b1c465dc0: feff 1f00 | 85d2 0f84 | 2338 0000 

  0x0000016b1c465dcc: ;   {metadata(method data for {method} {0x0000016b30461da8} '<init>' '(Ljava/lang/String;)V' in 'java/lang/StringBuilder')}
  0x0000016b1c465dcc: 4c8b c048 | ba50 5030 | 736b 0100 | 0048 8382 | 1001 0000 

  0x0000016b1c465de0: ;   {oop("BundleLoader["{0x00000000802877e8})}
  0x0000016b1c465de0: 0149 b8e8 | 7728 8000 | 0000 0048 

  0x0000016b1c465dec: ;   {optimized virtual_call}
  0x0000016b1c465dec: 8bd0 90e8 

  0x0000016b1c465df0: ; ImmutableOopMap {[160]=Oop [168]=Oop [184]=Oop [192]=Oop [200]=Oop [208]=Oop }
                      ;*invokespecial <init> {reexecute=0 rethrow=0 return_oop=0}
                      ; - java.lang.StringBuilder::<init>@2
                      ; - org.eclipse.osgi.internal.loader.BundleLoader::findClass0@64 (line 476)
  0x0000016b1c465df0: 8c89 0f07 

  0x0000016b1c465df4: ;   {other}
  0x0000016b1c465df4: 0f1f 8400 | 640f 0004 | 488b 8424 | c000 0000 

  0x0000016b1c465e04: ;   {metadata(method data for {method} {0x0000016b7358c878} 'findClass0' '(Ljava/lang/String;ZZ)Ljava/lang/Class;' in 'org/eclipse/osgi/internal/loader/BundleLoader')}
  0x0000016b1c465e04: 48ba 7896 | 8473 6b01 | 0000 4883 | 8258 0200 

  0x0000016b1c465e14: ;   {metadata(method data for {method} {0x0000016b30461b40} 'append' '(Ljava/lang/Object;)Ljava/lang/StringBuilder;' in 'java/lang/StringBuilder')}
  0x0000016b1c465e14: 0001 48ba | 6812 0f73 | 6b01 0000 | 8bb2 cc00 | 0000 83c6 | 0289 b2cc | 0000 0081 | e6fe ff1f 
  0x0000016b1c465e34: 0085 f60f | 84d3 3700 

  0x0000016b1c465e3c: ;   {metadata(method data for {method} {0x0000016b30461b40} 'append' '(Ljava/lang/Object;)Ljava/lang/StringBuilder;' in 'java/lang/StringBuilder')}
  0x0000016b1c465e3c: 0048 ba68 | 120f 736b | 0100 0048 | 8382 1001 

  0x0000016b1c465e4c: ;   {metadata(method data for {method} {0x0000016b30455280} 'valueOf' '(Ljava/lang/Object;)Ljava/lang/String;' in 'java/lang/String')}
  0x0000016b1c465e4c: 0000 0148 | ba08 140f | 736b 0100 | 008b b2cc | 0000 0083 | c602 89b2 | cc00 0000 | 81e6 feff 
  0x0000016b1c465e6c: 1f00 85f6 | 0f84 bb37 

  0x0000016b1c465e74: ;   {metadata(method data for {method} {0x0000016b30455280} 'valueOf' '(Ljava/lang/Object;)Ljava/lang/String;' in 'java/lang/String')}
  0x0000016b1c465e74: 0000 48ba | 0814 0f73 | 6b01 0000 | ff82 1001 | 0000 488b | 9424 a800 

  0x0000016b1c465e8c: ;   {metadata(method data for {method} {0x0000016b30455280} 'valueOf' '(Ljava/lang/Object;)Ljava/lang/String;' in 'java/lang/String')}
  0x0000016b1c465e8c: 0000 48be | 0814 0f73 | 6b01 0000 | 8b52 0849 | ba00 0000 | 306b 0100 | 0049 03d2 | 483b 9658 
  0x0000016b1c465eac: 0100 0075 | 0d48 8386 | 6001 0000 | 01e9 6000 | 0000 483b | 9668 0100 | 0075 0d48 | 8386 7001 
  0x0000016b1c465ecc: 0000 01e9 | 4a00 0000 | 4883 be58 | 0100 0000 | 7517 4889 | 9658 0100 | 0048 c786 | 6001 0000 
  0x0000016b1c465eec: 0100 0000 | e929 0000 | 0048 83be | 6801 0000 | 0075 1748 | 8996 6801 | 0000 48c7 | 8670 0100 
  0x0000016b1c465f0c: 0001 0000 | 00e9 0800 | 0000 4883 | 8648 0100 | 0001 488b | 9424 a800 

  0x0000016b1c465f24: ;   {optimized virtual_call}
  0x0000016b1c465f24: 0000 90e8 

  0x0000016b1c465f28: ; ImmutableOopMap {[160]=Oop [168]=Oop [184]=Oop [192]=Oop [200]=Oop [208]=Oop }
                      ;*invokevirtual toString {reexecute=0 rethrow=0 return_oop=0}
                      ; - java.lang.String::valueOf@11
                      ; - java.lang.StringBuilder::append@2
                      ; - org.eclipse.osgi.internal.loader.BundleLoader::findClass0@68 (line 476)
  0x0000016b1c465f28: 5488 0f07 

  0x0000016b1c465f2c: ;   {other}
  0x0000016b1c465f2c: 0f1f 8400 | 9c10 0005 | 4c8b 8424 | c000 0000 

  0x0000016b1c465f3c: ;   {metadata(method data for {method} {0x0000016b30461b40} 'append' '(Ljava/lang/Object;)Ljava/lang/StringBuilder;' in 'java/lang/StringBuilder')}
  0x0000016b1c465f3c: 48ba 6812 | 0f73 6b01 | 0000 4883 | 8220 0100 

  0x0000016b1c465f4c: ;   {metadata(method data for {method} {0x0000016b30461ae8} 'append' '(Ljava/lang/String;)Ljava/lang/StringBuilder;' in 'java/lang/StringBuilder')}
  0x0000016b1c465f4c: 0001 49b8 | 98ba 0073 | 6b01 0000 | 418b 90cc | 0000 0083 | c202 4189 | 90cc 0000 | 0081 e2fe 
  0x0000016b1c465f6c: ff1f 0085 | d20f 84db | 3600 004c | 8b84 24c0 

  0x0000016b1c465f7c: ;   {metadata(method data for {method} {0x0000016b30461ae8} 'append' '(Ljava/lang/String;)Ljava/lang/StringBuilder;' in 'java/lang/StringBuilder')}
  0x0000016b1c465f7c: 0000 0048 | ba98 ba00 | 736b 0100 | 0048 8382 | 1001 0000 | 014c 8bc0 | 488b 9424 | c000 0000 
  0x0000016b1c465f9c: ;   {optimized virtual_call}
  0x0000016b1c465f9c: 6666 90e8 

  0x0000016b1c465fa0: ; ImmutableOopMap {[160]=Oop [168]=Oop [184]=Oop [192]=Oop [200]=Oop [208]=Oop }
                      ;*invokespecial append {reexecute=0 rethrow=0 return_oop=0}
                      ; - java.lang.StringBuilder::append@2
                      ; - java.lang.StringBuilder::append@5
                      ; - org.eclipse.osgi.internal.loader.BundleLoader::findClass0@68 (line 476)
  0x0000016b1c465fa0: dc87 0f07 

  0x0000016b1c465fa4: ;   {other}
  0x0000016b1c465fa4: 0f1f 8400 | 1411 0006 | 488b 8424 | c000 0000 

  0x0000016b1c465fb4: ;   {metadata(method data for {method} {0x0000016b7358c878} 'findClass0' '(Ljava/lang/String;ZZ)Ljava/lang/Class;' in 'org/eclipse/osgi/internal/loader/BundleLoader')}
  0x0000016b1c465fb4: 4c8b c048 | ba78 9684 | 736b 0100 | 0048 8382 | 9002 0000 

  0x0000016b1c465fc8: ;   {metadata(method data for {method} {0x0000016b30461ae8} 'append' '(Ljava/lang/String;)Ljava/lang/StringBuilder;' in 'java/lang/StringBuilder')}
  0x0000016b1c465fc8: 0149 b898 | ba00 736b | 0100 0041 | 8b90 cc00 | 0000 83c2 | 0241 8990 | cc00 0000 | 81e2 feff 
  0x0000016b1c465fe8: 1f00 85d2 | 0f84 8136 | 0000 4c8b 

  0x0000016b1c465ff4: ;   {metadata(method data for {method} {0x0000016b30461ae8} 'append' '(Ljava/lang/String;)Ljava/lang/StringBuilder;' in 'java/lang/StringBuilder')}
  0x0000016b1c465ff4: c048 ba98 | ba00 736b | 0100 0048 | 8382 1001 

  0x0000016b1c466004: ;   {oop("].findClass("{0x00000000d5820618})}
  0x0000016b1c466004: 0000 0149 | b818 0682 | d500 0000 | 0048 8bd0 

  0x0000016b1c466014: ;   {optimized virtual_call}
  0x0000016b1c466014: 6666 90e8 

  0x0000016b1c466018: ; ImmutableOopMap {[160]=Oop [168]=Oop [184]=Oop [192]=Oop [200]=Oop [208]=Oop }
                      ;*invokespecial append {reexecute=0 rethrow=0 return_oop=0}
                      ; - java.lang.StringBuilder::append@2
                      ; - org.eclipse.osgi.internal.loader.BundleLoader::findClass0@74 (line 476)
  0x0000016b1c466018: 6487 0f07 

  0x0000016b1c46601c: ;   {other}
  0x0000016b1c46601c: 0f1f 8400 | 8c11 0007 | 488b 8424 | c000 0000 

  0x0000016b1c46602c: ;   {metadata(method data for {method} {0x0000016b7358c878} 'findClass0' '(Ljava/lang/String;ZZ)Ljava/lang/Class;' in 'org/eclipse/osgi/internal/loader/BundleLoader')}
  0x0000016b1c46602c: 49b8 7896 | 8473 6b01 | 0000 4983 | 80c8 0200 

  0x0000016b1c46603c: ;   {metadata(method data for {method} {0x0000016b30461ae8} 'append' '(Ljava/lang/String;)Ljava/lang/StringBuilder;' in 'java/lang/StringBuilder')}
  0x0000016b1c46603c: 0001 49b8 | 98ba 0073 | 6b01 0000 | 418b 90cc | 0000 0083 | c202 4189 | 90cc 0000 | 0081 e2fe 
  0x0000016b1c46605c: ff1f 0085 | d20f 842d | 3600 0048 | 8b84 24c0 

  0x0000016b1c46606c: ;   {metadata(method data for {method} {0x0000016b30461ae8} 'append' '(Ljava/lang/String;)Ljava/lang/StringBuilder;' in 'java/lang/StringBuilder')}
  0x0000016b1c46606c: 0000 0049 | b898 ba00 | 736b 0100 | 0049 8380 | 1001 0000 | 014c 8b84 | 24a0 0000 | 0048 8b94 
  0x0000016b1c46608c: 24c0 0000 | 0066 0f1f 

  0x0000016b1c466094: ;   {optimized virtual_call}
  0x0000016b1c466094: 4400 00e8 

  0x0000016b1c466098: ; ImmutableOopMap {[160]=Oop [168]=Oop [184]=Oop [192]=Oop [200]=Oop [208]=Oop }
                      ;*invokespecial append {reexecute=0 rethrow=0 return_oop=0}
                      ; - java.lang.StringBuilder::append@2
                      ; - org.eclipse.osgi.internal.loader.BundleLoader::findClass0@78 (line 476)
  0x0000016b1c466098: e486 0f07 

  0x0000016b1c46609c: ;   {other}
  0x0000016b1c46609c: 0f1f 8400 | 0c12 0008 | 488b 8424 | c000 0000 

  0x0000016b1c4660ac: ;   {metadata(method data for {method} {0x0000016b7358c878} 'findClass0' '(Ljava/lang/String;ZZ)Ljava/lang/Class;' in 'org/eclipse/osgi/internal/loader/BundleLoader')}
  0x0000016b1c4660ac: 49b8 7896 | 8473 6b01 | 0000 4983 | 8000 0300 

  0x0000016b1c4660bc: ;   {metadata(method data for {method} {0x0000016b30461ae8} 'append' '(Ljava/lang/String;)Ljava/lang/StringBuilder;' in 'java/lang/StringBuilder')}
  0x0000016b1c4660bc: 0001 49b8 | 98ba 0073 | 6b01 0000 | 418b 90cc | 0000 0083 | c202 4189 | 90cc 0000 | 0081 e2fe 
  0x0000016b1c4660dc: ff1f 0085 | d20f 84ce | 3500 0048 | 8b84 24c0 

  0x0000016b1c4660ec: ;   {metadata(method data for {method} {0x0000016b30461ae8} 'append' '(Ljava/lang/String;)Ljava/lang/StringBuilder;' in 'java/lang/StringBuilder')}
  0x0000016b1c4660ec: 0000 0049 | b898 ba00 | 736b 0100 | 0049 8380 | 1001 0000 

  0x0000016b1c466100: ;   {oop(")"{0x00000000800009d8})}
  0x0000016b1c466100: 0149 b8d8 | 0900 8000 | 0000 0048 | 8b94 24c0 | 0000 000f 

  0x0000016b1c466114: ;   {optimized virtual_call}
  0x0000016b1c466114: 1f40 00e8 

  0x0000016b1c466118: ; ImmutableOopMap {[160]=Oop [168]=Oop [184]=Oop [192]=Oop [200]=Oop [208]=Oop }
                      ;*invokespecial append {reexecute=0 rethrow=0 return_oop=0}
                      ; - java.lang.StringBuilder::append@2
                      ; - org.eclipse.osgi.internal.loader.BundleLoader::findClass0@84 (line 476)
  0x0000016b1c466118: 6486 0f07 

  0x0000016b1c46611c: ;   {other}
  0x0000016b1c46611c: 0f1f 8400 | 8c12 0009 | 488b 8424 | c000 0000 

  0x0000016b1c46612c: ;   {metadata(method data for {method} {0x0000016b7358c878} 'findClass0' '(Ljava/lang/String;ZZ)Ljava/lang/Class;' in 'org/eclipse/osgi/internal/loader/BundleLoader')}
  0x0000016b1c46612c: 48ba 7896 | 8473 6b01 | 0000 4883 | 8238 0300 

  0x0000016b1c46613c: ;   {metadata(method data for {method} {0x0000016b30008958} 'toString' '()Ljava/lang/String;' in 'java/lang/StringBuilder')}
  0x0000016b1c46613c: 0001 48ba | c0c1 0073 | 6b01 0000 | 8bb2 cc00 | 0000 83c6 | 0289 b2cc | 0000 0081 | e6fe ff1f 
  0x0000016b1c46615c: 0085 f60f | 8471 3500 

  0x0000016b1c466164: ;   {metadata('java/lang/String')}
  0x0000016b1c466164: 0048 ba78 | e800 306b | 0100 0049 | 8b87 b801 | 0000 488d | 7818 493b | bfc8 0100 | 000f 8770 
  0x0000016b1c466184: 3500 0049 | 89bf b801 | 0000 48c7 | 0001 0000 | 0048 8bca | 49ba 0000 | 0030 6b01 | 0000 492b 
  0x0000016b1c4661a4: ca89 4808 | 4833 c989 | 480c 4833 | c948 8948 | 104c 8bc0 

  0x0000016b1c4661b8: ;   {metadata(method data for {method} {0x0000016b30008958} 'toString' '()Ljava/lang/String;' in 'java/lang/StringBuilder')}
  0x0000016b1c4661b8: 49b9 c0c1 | 0073 6b01 | 0000 4983 | 8110 0100 

  0x0000016b1c4661c8: ;   {metadata(method data for {method} {0x0000016b30455dd8} '<init>' '(Ljava/lang/StringBuilder;)V' in 'java/lang/String')}
  0x0000016b1c4661c8: 0001 49b8 | 08c3 0073 | 6b01 0000 | 458b 88cc | 0000 0041 | 83c1 0245 | 8988 cc00 | 0000 4181 
  0x0000016b1c4661e8: e1fe ff1f | 0045 85c9 | 0f84 0e35 | 0000 4c8b 

  0x0000016b1c4661f8: ;   {metadata(method data for {method} {0x0000016b30455dd8} '<init>' '(Ljava/lang/StringBuilder;)V' in 'java/lang/String')}
  0x0000016b1c4661f8: c049 b908 | c300 736b | 0100 0049 | 8381 1001 | 0000 014c | 8b84 24c0 

  0x0000016b1c466210: ;   {oop(nullptr)}
  0x0000016b1c466210: 0000 0049 | b900 0000 | 0000 0000 | 0048 8bd0 | 4889 8424 | d800 0000 | 0f1f 8000 

  0x0000016b1c46622c: ;   {optimized virtual_call}
  0x0000016b1c46622c: 0000 00e8 

  0x0000016b1c466230: ; ImmutableOopMap {[160]=Oop [168]=Oop [184]=Oop [200]=Oop [208]=Oop [216]=Oop }
                      ;*invokespecial <init> {reexecute=0 rethrow=0 return_oop=0}
                      ; - java.lang.String::<init>@3
                      ; - java.lang.StringBuilder::toString@5
                      ; - org.eclipse.osgi.internal.loader.BundleLoader::findClass0@87 (line 476)
  0x0000016b1c466230: 4c85 0f07 

  0x0000016b1c466234: ;   {other}
  0x0000016b1c466234: 0f1f 8400 | a413 000a | 4c8b 8c24 | c800 0000 

  0x0000016b1c466244: ; implicit exception: dispatches to 0x0000016b1c469725
  0x0000016b1c466244: 493b 014d 

  0x0000016b1c466248: ;   {metadata(method data for {method} {0x0000016b7358c878} 'findClass0' '(Ljava/lang/String;ZZ)Ljava/lang/Class;' in 'org/eclipse/osgi/internal/loader/BundleLoader')}
  0x0000016b1c466248: 8bc1 48ba | 7896 8473 | 6b01 0000 

  0x0000016b1c466254: ;   {metadata('org/eclipse/osgi/internal/debug/Debug')}
  0x0000016b1c466254: 49ba 8009 | 0931 6b01 | 0000 4c89 | 9280 0300 | 0048 8382 | 8803 0000 

  0x0000016b1c46626c: ;   {metadata(method data for {method} {0x0000016b734e5400} 'trace' '(Ljava/lang/String;Ljava/lang/String;)V' in 'org/eclipse/osgi/internal/debug/Debug')}
  0x0000016b1c46626c: 0149 b8a0 | 3a81 736b | 0100 0041 | 8b90 cc00 | 0000 83c2 | 0241 8990 | cc00 0000 | 81e2 feff 
  0x0000016b1c46628c: 1f00 85d2 | 0f84 9434 | 0000 418b | 5124 4885 

  0x0000016b1c46629c: ;   {metadata(method data for {method} {0x0000016b734e5400} 'trace' '(Ljava/lang/String;Ljava/lang/String;)V' in 'org/eclipse/osgi/internal/debug/Debug')}
  0x0000016b1c46629c: d249 b8a0 | 3a81 736b | 0100 0049 | c7c1 1001 | 0000 7407 | 49c7 c120 | 0100 004b | 8b34 0848 
  0x0000016b1c4662bc: 8d76 014b | 8934 080f | 84f9 0200 | 0048 85d2 | 0f84 2900 

  0x0000016b1c4662d0: ;   {metadata('org/eclipse/osgi/internal/log/ExtendedLogServiceImpl')}
  0x0000016b1c4662d0: 0000 48bf | 4056 0931 | 6b01 0000 | 8b72 0849 | ba00 0000 | 306b 0100 | 0049 03f2 | 483b 7e38 
  0x0000016b1c4662f0: 0f85 5534 | 0000 e900 | 0000 004c | 8bc2 483b | 024c 8bc2 

  0x0000016b1c466304: ;   {metadata(method data for {method} {0x0000016b734e5400} 'trace' '(Ljava/lang/String;Ljava/lang/String;)V' in 'org/eclipse/osgi/internal/debug/Debug')}
  0x0000016b1c466304: 49b9 a03a | 8173 6b01 

  0x0000016b1c46630c: ;   {metadata('org/eclipse/osgi/internal/log/ExtendedLogServiceImpl')}
  0x0000016b1c46630c: 0000 49ba | 4056 0931 | 6b01 0000 | 4d89 9140 | 0100 0049 | 8381 4801 

  0x0000016b1c466324: ;   {metadata(method data for {method} {0x0000016b7350ca90} 'getLogger' '(Ljava/lang/String;)Lorg/osgi/service/log/Logger;' in 'org/eclipse/osgi/internal/log/ExtendedLogServiceImpl')}
  0x0000016b1c466324: 0000 0149 | b8e0 3c81 | 736b 0100 | 0045 8b88 | cc00 0000 | 4183 c102 | 4589 88cc | 0000 0041 
  0x0000016b1c466344: 81e1 feff | 1f00 4585 | c90f 8402 | 3400 004c 

  0x0000016b1c466354: ;   {metadata(method data for {method} {0x0000016b7350ca90} 'getLogger' '(Ljava/lang/String;)Lorg/osgi/service/log/Logger;' in 'org/eclipse/osgi/internal/log/ExtendedLogServiceImpl')}
  0x0000016b1c466354: 8bc2 49b9 | e03c 8173 | 6b01 0000 

  0x0000016b1c466360: ;   {metadata('org/eclipse/osgi/internal/log/ExtendedLogServiceImpl')}
  0x0000016b1c466360: 49ba 4056 | 0931 6b01 | 0000 4d89 | 9120 0100 | 0049 8381 | 2801 0000 

  0x0000016b1c466378: ;   {metadata(method data for {method} {0x0000016b7350a318} 'getLogger' '(Ljava/lang/String;)Lorg/eclipse/equinox/log/Logger;' in 'org/eclipse/osgi/internal/log/ExtendedLogServiceImpl')}
  0x0000016b1c466378: 0149 b800 | 8082 736b | 0100 0045 | 8b88 cc00 | 0000 4183 | c102 4589 | 88cc 0000 | 0041 81e1 
  0x0000016b1c466398: feff 1f00 | 4585 c90f | 84d1 3300 | 004c 8bc2 

  0x0000016b1c4663a8: ;   {metadata(method data for {method} {0x0000016b7350a318} 'getLogger' '(Ljava/lang/String;)Lorg/eclipse/equinox/log/Logger;' in 'org/eclipse/osgi/internal/log/ExtendedLogServiceImpl')}
  0x0000016b1c4663a8: 49b9 0080 | 8273 6b01 

  0x0000016b1c4663b0: ;   {metadata('org/eclipse/osgi/internal/log/ExtendedLogServiceImpl')}
  0x0000016b1c4663b0: 0000 49ba | 4056 0931 | 6b01 0000 | 4d89 9120 | 0100 0049 | 8381 2801 | 0000 014c | 8b84 24d0 
  0x0000016b1c4663d0: ;   {oop(a 'java/lang/Class'{0x0000000080287450} = 'org/osgi/service/log/Logger')}
  0x0000016b1c4663d0: 0000 0049 | b950 7428 | 8000 0000 

  0x0000016b1c4663dc: ;   {optimized virtual_call}
  0x0000016b1c4663dc: 0066 90e8 

  0x0000016b1c4663e0: ; ImmutableOopMap {[160]=Oop [168]=Oop [184]=Oop [208]=Oop [216]=Oop }
                      ;*invokevirtual getLogger {reexecute=0 rethrow=0 return_oop=0}
                      ; - org.eclipse.osgi.internal.log.ExtendedLogServiceImpl::getLogger@4 (line 73)
                      ; - org.eclipse.osgi.internal.log.ExtendedLogServiceImpl::getLogger@2 (line 1)
                      ; - org.eclipse.osgi.internal.debug.Debug::trace@11 (line 265)
                      ; - org.eclipse.osgi.internal.loader.BundleLoader::findClass0@90 (line 476)
  0x0000016b1c4663e0: 9c83 0f07 

  0x0000016b1c4663e4: ;   {other}
  0x0000016b1c4663e4: 0f1f 8400 | 5415 000b | 4885 c075 

  0x0000016b1c4663f0: ;   {metadata(method data for {method} {0x0000016b7350a318} 'getLogger' '(Ljava/lang/String;)Lorg/eclipse/equinox/log/Logger;' in 'org/eclipse/osgi/internal/log/ExtendedLogServiceImpl')}
  0x0000016b1c4663f0: 1648 be00 | 8082 736b | 0100 0080 | 8e41 0100 | 0001 e9e7 

  0x0000016b1c466404: ;   {metadata('org/eclipse/equinox/log/Logger')}
  0x0000016b1c466404: 0000 0048 | bff8 2909 | 316b 0100 | 008b 7008 | 49ba 0000 | 0030 6b01 | 0000 4903 | f248 3b7e 
  0x0000016b1c466424: 200f 841a | 0000 0048 | 3bf7 0f84 | 1100 0000 

  0x0000016b1c466434: ;   {runtime_call slow_subtype_check Runtime1 stub}
  0x0000016b1c466434: 5657 e845 | 9b1a 075e | 5e85 f60f | 848d 0000 

  0x0000016b1c466444: ;   {metadata(method data for {method} {0x0000016b7350a318} 'getLogger' '(Ljava/lang/String;)Lorg/eclipse/equinox/log/Logger;' in 'org/eclipse/osgi/internal/log/ExtendedLogServiceImpl')}
  0x0000016b1c466444: 0048 be00 | 8082 736b | 0100 008b | 7808 49ba | 0000 0030 | 6b01 0000 | 4903 fa48 | 3bbe 5801 
  0x0000016b1c466464: 0000 750d | 4883 8660 | 0100 0001 | e979 0000 | 0048 3bbe | 6801 0000 | 750d 4883 | 8670 0100 
  0x0000016b1c466484: 0001 e963 | 0000 0048 | 83be 5801 | 0000 0075 | 1748 89be | 5801 0000 | 48c7 8660 | 0100 0001 
  0x0000016b1c4664a4: 0000 00e9 | 4200 0000 | 4883 be68 | 0100 0000 | 7517 4889 | be68 0100 | 0048 c786 | 7001 0000 
  0x0000016b1c4664c4: 0100 0000 | e921 0000 | 00e9 1c00 

  0x0000016b1c4664d0: ;   {metadata(method data for {method} {0x0000016b7350a318} 'getLogger' '(Ljava/lang/String;)Lorg/eclipse/equinox/log/Logger;' in 'org/eclipse/osgi/internal/log/ExtendedLogServiceImpl')}
  0x0000016b1c4664d0: 0000 48be | 0080 8273 | 6b01 0000 | 4883 ae48 | 0100 0001 | e9ae 3200 | 00e9 0000 | 0000 488b 
  0x0000016b1c4664f0: d048 3b02 

  0x0000016b1c4664f4: ;   {metadata(method data for {method} {0x0000016b734e5400} 'trace' '(Ljava/lang/String;Ljava/lang/String;)V' in 'org/eclipse/osgi/internal/debug/Debug')}
  0x0000016b1c4664f4: 4c8b c248 | bea0 3a81 | 736b 0100 | 0045 8b40 | 0849 ba00 | 0000 306b | 0100 004d | 03c2 4c3b 
  0x0000016b1c466514: 8678 0100 | 0075 0d48 | 8386 8001 | 0000 01e9 | 6000 0000 | 4c3b 8688 | 0100 0075 | 0d48 8386 
  0x0000016b1c466534: 9001 0000 | 01e9 4a00 | 0000 4883 | be78 0100 | 0000 7517 | 4c89 8678 | 0100 0048 | c786 8001 
  0x0000016b1c466554: 0000 0100 | 0000 e929 | 0000 0048 | 83be 8801 | 0000 0075 | 174c 8986 | 8801 0000 | 48c7 8690 
  0x0000016b1c466574: 0100 0001 | 0000 00e9 | 0800 0000 | 4883 8668 | 0100 0001 | 4c8b 8424 | d800 0000 | 0f1f 4400 
  0x0000016b1c466594: 0048 b8ff | ffff ffff 

  0x0000016b1c46659c: ;   {virtual_call}
  0x0000016b1c46659c: ffff ffe8 

  0x0000016b1c4665a0: ; ImmutableOopMap {[160]=Oop [168]=Oop [184]=Oop [208]=Oop }
                      ;*invokeinterface debug {reexecute=0 rethrow=0 return_oop=0}
                      ; - org.eclipse.osgi.internal.debug.Debug::trace@17 (line 265)
                      ; - org.eclipse.osgi.internal.loader.BundleLoader::findClass0@90 (line 476)
  0x0000016b1c4665a0: dc84 0f07 

  0x0000016b1c4665a4: ;   {other}
  0x0000016b1c4665a4: 0f1f 8400 | 1417 000c 

  0x0000016b1c4665ac: ;   {metadata(method data for {method} {0x0000016b734e5400} 'trace' '(Ljava/lang/String;Ljava/lang/String;)V' in 'org/eclipse/osgi/internal/debug/Debug')}
  0x0000016b1c4665ac: 49b8 a03a | 8173 6b01 | 0000 41ff | 80a0 0100 | 00e9 5200 | 0000 488b | 8424 d800 

  0x0000016b1c4665c8: ;   {oop(a 'java/lang/Class'{0x00000000802874c8} = 'org/eclipse/osgi/internal/debug/Debug')}
  0x0000016b1c4665c8: 0000 49b8 | c874 2880 | 0000 0000 | 418b 90d0 | 0000 0048 | 3b02 4c8b 

  0x0000016b1c4665e0: ;   {metadata(method data for {method} {0x0000016b734e5400} 'trace' '(Ljava/lang/String;Ljava/lang/String;)V' in 'org/eclipse/osgi/internal/debug/Debug')}
  0x0000016b1c4665e0: c248 bea0 | 3a81 736b 

  0x0000016b1c4665e8: ;   {metadata('java/io/PrintStream')}
  0x0000016b1c4665e8: 0100 0049 | bac8 a300 | 306b 0100 | 004c 8996 | c801 0000 | 4883 86d0 | 0100 0001 

  0x0000016b1c466604: ;   {optimized virtual_call}
  0x0000016b1c466604: 4c8b c0e8 

  0x0000016b1c466608: ; ImmutableOopMap {[160]=Oop [168]=Oop [184]=Oop [208]=Oop }
                      ;*invokevirtual println {reexecute=0 rethrow=0 return_oop=0}
                      ; - org.eclipse.osgi.internal.debug.Debug::trace@29 (line 267)
                      ; - org.eclipse.osgi.internal.loader.BundleLoader::findClass0@90 (line 476)
  0x0000016b1c466608: 7481 0f07 

  0x0000016b1c46660c: ;   {other}
  0x0000016b1c46660c: 0f1f 8400 | 7c17 000d | 448b 8c24 | b000 0000 

  0x0000016b1c46661c: ;   {metadata(method data for {method} {0x0000016b7358c878} 'findClass0' '(Ljava/lang/String;ZZ)Ljava/lang/Class;' in 'org/eclipse/osgi/internal/loader/BundleLoader')}
  0x0000016b1c46661c: 4585 c949 | b878 9684 | 736b 0100 | 0048 c7c2 | b803 0000 | 7507 48c7 | c2a8 0300 | 0049 8b34 
  0x0000016b1c46663c: 1048 8d76 | 0149 8934 | 100f 850a | 0000 00be | 0000 0000 | e98d 0200 | 0048 8b94 | 24a8 0000 
  0x0000016b1c46665c: 0044 8b42 | 484d 85c0 

  0x0000016b1c466664: ;   {metadata(method data for {method} {0x0000016b7358c878} 'findClass0' '(Ljava/lang/String;ZZ)Ljava/lang/Class;' in 'org/eclipse/osgi/internal/loader/BundleLoader')}
  0x0000016b1c466664: 49b8 7896 | 8473 6b01 | 0000 48c7 | c6d8 0300 | 0075 0748 | c7c6 c803 | 0000 498b | 3c30 488d 
  0x0000016b1c466684: 7f01 4989 | 3c30 0f85 | 0a00 0000 | be00 0000 | 00e9 4802 | 0000 8b72 | 1448 3b06 

  0x0000016b1c4666a0: ;   {metadata(method data for {method} {0x0000016b7358c878} 'findClass0' '(Ljava/lang/String;ZZ)Ljava/lang/Class;' in 'org/eclipse/osgi/internal/loader/BundleLoader')}
  0x0000016b1c4666a0: 4c8b c648 | bf78 9684 | 736b 0100 

  0x0000016b1c4666ac: ;   {metadata('org/eclipse/osgi/internal/framework/EquinoxContainer')}
  0x0000016b1c4666ac: 0049 ba00 | b008 316b | 0100 004c | 8997 f803 | 0000 4883 | 8700 0400 | 0001 4c8b | 8424 b800 
  0x0000016b1c4666cc: 0000 488b | d666 0f1f 

  0x0000016b1c4666d4: ;   {optimized virtual_call}
  0x0000016b1c4666d4: 4400 00e8 

  0x0000016b1c4666d8: ; ImmutableOopMap {[160]=Oop [168]=Oop [184]=Oop [208]=Oop }
                      ;*invokevirtual isBootDelegationPackage {reexecute=0 rethrow=0 return_oop=0}
                      ; - org.eclipse.osgi.internal.loader.BundleLoader::findClass0@113 (line 480)
  0x0000016b1c4666d8: 6938 0000 

  0x0000016b1c4666dc: ;   {other}
  0x0000016b1c4666dc: 0f1f 8400 | 4c18 000e 

  0x0000016b1c4666e4: ;   {metadata(method data for {method} {0x0000016b7358c878} 'findClass0' '(Ljava/lang/String;ZZ)Ljava/lang/Class;' in 'org/eclipse/osgi/internal/loader/BundleLoader')}
  0x0000016b1c4666e4: 85c0 49b8 | 7896 8473 | 6b01 0000 | 49c7 c130 | 0400 0075 | 0749 c7c1 | 2004 0000 | 4b8b 1408 
  0x0000016b1c466704: 488d 5201 | 4b89 1408 | 0f85 0a00 | 0000 be00 | 0000 00e9 | c601 0000 | 488b 9424 | a800 0000 
  0x0000016b1c466724: 8b72 4848 | 3b06 4c8b 

  0x0000016b1c46672c: ;   {metadata(method data for {method} {0x0000016b7358c878} 'findClass0' '(Ljava/lang/String;ZZ)Ljava/lang/Class;' in 'org/eclipse/osgi/internal/loader/BundleLoader')}
  0x0000016b1c46672c: c649 b978 | 9684 736b | 0100 0045 | 8b40 0849 | ba00 0000 | 306b 0100 | 004d 03c2 | 4d3b 8150 
  0x0000016b1c46674c: 0400 0075 | 0d49 8381 | 5804 0000 | 01e9 6000 | 0000 4d3b | 8160 0400 | 0075 0d49 | 8381 6804 
  0x0000016b1c46676c: 0000 01e9 | 4a00 0000 | 4983 b950 | 0400 0000 | 7517 4d89 | 8150 0400 | 0049 c781 | 5804 0000 
  0x0000016b1c46678c: 0100 0000 | e929 0000 | 0049 83b9 | 6004 0000 | 0075 174d | 8981 6004 | 0000 49c7 | 8168 0400 
  0x0000016b1c4667ac: 0001 0000 | 00e9 0800 | 0000 4983 | 8140 0400 

  0x0000016b1c4667bc: ;   {metadata(method data for {method} {0x0000016b300143f0} 'loadClass' '(Ljava/lang/String;)Ljava/lang/Class;' in 'java/lang/ClassLoader')}
  0x0000016b1c4667bc: 0001 49b8 | e88e 2a73 | 6b01 0000 | 458b 88cc | 0000 0041 | 83c1 0245 | 8988 cc00 | 0000 4181 
  0x0000016b1c4667dc: e1fe ff1f | 0045 85c9 | 0f84 ca2f | 0000 4c8b 

  0x0000016b1c4667ec: ;   {metadata(method data for {method} {0x0000016b300143f0} 'loadClass' '(Ljava/lang/String;)Ljava/lang/Class;' in 'java/lang/ClassLoader')}
  0x0000016b1c4667ec: c649 b9e8 | 8e2a 736b | 0100 0045 | 8b40 0849 | ba00 0000 | 306b 0100 | 004d 03c2 | 4d3b 8120 
  0x0000016b1c46680c: 0100 0075 | 0d49 8381 | 2801 0000 | 01e9 6000 | 0000 4d3b | 8130 0100 | 0075 0d49 | 8381 3801 
  0x0000016b1c46682c: 0000 01e9 | 4a00 0000 | 4983 b920 | 0100 0000 | 7517 4d89 | 8120 0100 | 0049 c781 | 2801 0000 
  0x0000016b1c46684c: 0100 0000 | e929 0000 | 0049 83b9 | 3001 0000 | 0075 174d | 8981 3001 | 0000 49c7 | 8138 0100 
  0x0000016b1c46686c: 0001 0000 | 00e9 0800 | 0000 4983 | 8110 0100 | 0001 4c8b | 8424 a000 | 0000 41b9 | 0000 0000 
  0x0000016b1c46688c: 488b d666 | 0f1f 4400 | 0048 b8ff | ffff ffff 

  0x0000016b1c46689c: ;   {virtual_call}
  0x0000016b1c46689c: ffff ffe8 

  0x0000016b1c4668a0: ; ImmutableOopMap {[160]=Oop [168]=Oop [184]=Oop [208]=Oop }
                      ;*invokevirtual loadClass {reexecute=0 rethrow=0 return_oop=0}
                      ; - java.lang.ClassLoader::loadClass@3
                      ; - org.eclipse.osgi.internal.loader.BundleLoader::findClass0@124 (line 484)
  0x0000016b1c4668a0: dc81 0f07 

  0x0000016b1c4668a4: ;   {other}
  0x0000016b1c4668a4: 0f1f 8400 | 141a 000f | 4881 c470 | 0100 005d 

  0x0000016b1c4668b4: ;   {poll_return}
  0x0000016b1c4668b4: 493b a750 | 0400 000f | 8714 2f00 | 00c3 498b | 8700 0500 | 004d 33d2 | 4d89 9700 | 0500 004d 
  0x0000016b1c4668d4: 33d2 4d89 | 9708 0500 | 00be 0100 | 0000 89b4 | 24e0 0000 | 0048 8b94 | 24a8 0000 

  0x0000016b1c4668f0: ;   {metadata(method data for {method} {0x0000016b7358c878} 'findClass0' '(Ljava/lang/String;ZZ)Ljava/lang/Class;' in 'org/eclipse/osgi/internal/loader/BundleLoader')}
  0x0000016b1c4668f0: 0049 b878 | 9684 736b | 0100 0049 | 8380 7804 | 0000 014c | 8b84 24a0 | 0000 0041 | b901 0000 
  0x0000016b1c466910: 0048 8b94 | 24a8 0000 | 0066 0f1f 

  0x0000016b1c46691c: ;   {optimized virtual_call}
  0x0000016b1c46691c: 4400 00e8 

  0x0000016b1c466920: ; ImmutableOopMap {[160]=Oop [168]=Oop [184]=Oop [208]=Oop }
                      ;*invokespecial searchHooks {reexecute=0 rethrow=0 return_oop=0}
                      ; - org.eclipse.osgi.internal.loader.BundleLoader::findClass0@139 (line 492)
  0x0000016b1c466920: 1b38 0000 

  0x0000016b1c466924: ;   {other}
  0x0000016b1c466924: 0f1f 8400 | 941a 0010 | 4885 c075 

  0x0000016b1c466930: ;   {metadata(method data for {method} {0x0000016b7358c878} 'findClass0' '(Ljava/lang/String;ZZ)Ljava/lang/Class;' in 'org/eclipse/osgi/internal/loader/BundleLoader')}
  0x0000016b1c466930: 1648 ba78 | 9684 736b | 0100 0080 | 8a81 0400 | 0001 e9cd 

  0x0000016b1c466944: ;   {metadata('java/lang/Class')}
  0x0000016b1c466944: 0000 0048 | be50 6b00 | 306b 0100 | 0044 8b40 | 0849 ba00 | 0000 306b | 0100 004d | 03c2 493b 
  0x0000016b1c466964: f00f 858d 

  0x0000016b1c466968: ;   {metadata(method data for {method} {0x0000016b7358c878} 'findClass0' '(Ljava/lang/String;ZZ)Ljava/lang/Class;' in 'org/eclipse/osgi/internal/loader/BundleLoader')}
  0x0000016b1c466968: 0000 0048 | ba78 9684 | 736b 0100 | 008b 7008 | 49ba 0000 | 0030 6b01 | 0000 4903 | f248 3bb2 
  0x0000016b1c466988: 9804 0000 | 750d 4883 | 82a0 0400 | 0001 e979 | 0000 0048 | 3bb2 a804 | 0000 750d | 4883 82b0 
  0x0000016b1c4669a8: 0400 0001 | e963 0000 | 0048 83ba | 9804 0000 | 0075 1748 | 89b2 9804 | 0000 48c7 | 82a0 0400 
  0x0000016b1c4669c8: 0001 0000 | 00e9 4200 | 0000 4883 | baa8 0400 | 0000 7517 | 4889 b2a8 | 0400 0048 | c782 b004 
  0x0000016b1c4669e8: 0000 0100 | 0000 e921 | 0000 00e9 | 1c00 0000 

  0x0000016b1c4669f8: ;   {metadata(method data for {method} {0x0000016b7358c878} 'findClass0' '(Ljava/lang/String;ZZ)Ljava/lang/Class;' in 'org/eclipse/osgi/internal/loader/BundleLoader')}
  0x0000016b1c4669f8: 48ba 7896 | 8473 6b01 | 0000 4883 | aa88 0400 | 0001 e9dc | 2d00 00e9 | 0000 0000 

  0x0000016b1c466a14: ;   {metadata(method data for {method} {0x0000016b7358c878} 'findClass0' '(Ljava/lang/String;ZZ)Ljava/lang/Class;' in 'org/eclipse/osgi/internal/loader/BundleLoader')}
  0x0000016b1c466a14: 49b8 7896 | 8473 6b01 | 0000 41ff | 80c0 0400 | 00e9 2500 | 0000 498b | 8700 0500 | 004d 33d2 
  0x0000016b1c466a34: 4d89 9700 | 0500 004d | 33d2 4d89 | 9708 0500 

  0x0000016b1c466a44: ;   {oop(nullptr)}
  0x0000016b1c466a44: 0048 b800 | 0000 0000 | 0000 0048 

  0x0000016b1c466a50: ;   {metadata(method data for {method} {0x0000016b7358c878} 'findClass0' '(Ljava/lang/String;ZZ)Ljava/lang/Class;' in 'org/eclipse/osgi/internal/loader/BundleLoader')}
  0x0000016b1c466a50: 85c0 49b8 | 7896 8473 | 6b01 0000 | 48c7 c2e8 | 0400 0075 | 0748 c7c2 | d804 0000 | 498b 3410 
  0x0000016b1c466a70: 488d 7601 | 4989 3410 | 0f85 7c27 | 0000 4889 | 8424 e800 | 0000 488b | 9424 a800 

  0x0000016b1c466a8c: ;   {metadata(method data for {method} {0x0000016b7358c878} 'findClass0' '(Ljava/lang/String;ZZ)Ljava/lang/Class;' in 'org/eclipse/osgi/internal/loader/BundleLoader')}
  0x0000016b1c466a8c: 0000 49b8 | 7896 8473 | 6b01 0000 | 4983 80f8 | 0400 0001 

  0x0000016b1c466aa0: ;   {metadata(method data for {method} {0x0000016b7358f618} 'findImportedSource' '(Ljava/lang/String;Ljava/util/Collection;)Lorg/eclipse/osgi/internal/loader/sources/PackageSource;' in 'org/eclipse/osgi/internal/loader/BundleLoader')}
  0x0000016b1c466aa0: 49b8 30b1 | 8473 6b01 | 0000 418b | 90cc 0000 | 0083 c202 | 4189 90cc | 0000 0081 | e2fe ff1f 
  0x0000016b1c466ac0: 0085 d20f | 842b 2d00 | 0048 8b94 | 24a8 0000 

  0x0000016b1c466ad0: ;   {metadata(method data for {method} {0x0000016b7358f618} 'findImportedSource' '(Ljava/lang/String;Ljava/util/Collection;)Lorg/eclipse/osgi/internal/loader/sources/PackageSource;' in 'org/eclipse/osgi/internal/loader/BundleLoader')}
  0x0000016b1c466ad0: 0049 b830 | b184 736b | 0100 0049 | 8380 1001 

  0x0000016b1c466ae0: ;   {oop(nullptr)}
  0x0000016b1c466ae0: 0000 0149 | b800 0000 | 0000 0000 | 0048 8b94 | 24a8 0000 

  0x0000016b1c466af4: ;   {optimized virtual_call}
  0x0000016b1c466af4: 0066 90e8 

  0x0000016b1c466af8: ; ImmutableOopMap {[160]=Oop [168]=Oop [184]=Oop [208]=Oop [232]=Oop }
                      ;*invokespecial getImportedSources {reexecute=0 rethrow=0 return_oop=0}
                      ; - org.eclipse.osgi.internal.loader.BundleLoader::findImportedSource@2 (line 1251)
                      ; - org.eclipse.osgi.internal.loader.BundleLoader::findClass0@164 (line 499)
  0x0000016b1c466af8: 5236 0000 

  0x0000016b1c466afc: ;   {other}
  0x0000016b1c466afc: 0f1f 8400 | 6c1c 0011 | 4c8d 8424 | 5001 0000 | 488b f049 | 8970 0848 | 8b06 4883 | c801 4989 
  0x0000016b1c466b1c: 00f0 4c0f | b106 0f84 | 1200 0000 | 482b c448 | 2507 f0ff | ff49 8900 | 0f85 e02c | 0000 49ff 
  0x0000016b1c466b3c: 8750 0500 | 0048 8bc6 

  0x0000016b1c466b44: ;   {metadata(method data for {method} {0x0000016b7358f618} 'findImportedSource' '(Ljava/lang/String;Ljava/util/Collection;)Lorg/eclipse/osgi/internal/loader/sources/PackageSource;' in 'org/eclipse/osgi/internal/loader/BundleLoader')}
  0x0000016b1c466b44: 49b8 30b1 | 8473 6b01 | 0000 8b40 | 0849 ba00 | 0000 306b | 0100 0049 | 03c2 493b | 8030 0100 
  0x0000016b1c466b64: 0075 0d49 | 8380 3801 | 0000 01e9 | 6000 0000 | 493b 8040 | 0100 0075 | 0d49 8380 | 4801 0000 
  0x0000016b1c466b84: 01e9 4a00 | 0000 4983 | b830 0100 | 0000 7517 | 4989 8030 | 0100 0049 | c780 3801 | 0000 0100 
  0x0000016b1c466ba4: 0000 e929 | 0000 0049 | 83b8 4001 | 0000 0075 | 1749 8980 | 4001 0000 | 49c7 8048 | 0100 0001 
  0x0000016b1c466bc4: 0000 00e9 | 0800 0000 | 4983 8020 | 0100 0001 | 4c8b 8424 | b800 0000 | 488b d648 | 89b4 24f0 
  0x0000016b1c466be4: 0000 0066 | 0f1f 4400 | 0048 b868 | a908 306b 

  0x0000016b1c466bf4: ;   {virtual_call}
  0x0000016b1c466bf4: 0100 00e8 

  0x0000016b1c466bf8: ; ImmutableOopMap {[160]=Oop [168]=Oop [184]=Oop [208]=Oop [232]=Oop [240]=Oop [344]=Oop }
                      ;*invokeinterface get {reexecute=0 rethrow=0 return_oop=0}
                      ; - org.eclipse.osgi.internal.loader.BundleLoader::findImportedSource@13 (line 1253)
                      ; - org.eclipse.osgi.internal.loader.BundleLoader::findClass0@164 (line 499)
  0x0000016b1c466bf8: e48f 6e07 

  0x0000016b1c466bfc: ;   {other}
  0x0000016b1c466bfc: 0f1f 8400 | 6c1d 0012 | 4885 c075 

  0x0000016b1c466c08: ;   {metadata(method data for {method} {0x0000016b7358f618} 'findImportedSource' '(Ljava/lang/String;Ljava/util/Collection;)Lorg/eclipse/osgi/internal/loader/sources/PackageSource;' in 'org/eclipse/osgi/internal/loader/BundleLoader')}
  0x0000016b1c466c08: 1648 ba30 | b184 736b | 0100 0080 | 8a51 0100 | 0001 e9cd 

  0x0000016b1c466c1c: ;   {metadata('org/eclipse/osgi/internal/loader/sources/PackageSource')}
  0x0000016b1c466c1c: 0000 0048 | bee0 8f0b | 316b 0100 | 008b 5008 | 49ba 0000 | 0030 6b01 | 0000 4903 | d248 3b72 
  0x0000016b1c466c3c: 380f 858d 

  0x0000016b1c466c40: ;   {metadata(method data for {method} {0x0000016b7358f618} 'findImportedSource' '(Ljava/lang/String;Ljava/util/Collection;)Lorg/eclipse/osgi/internal/loader/sources/PackageSource;' in 'org/eclipse/osgi/internal/loader/BundleLoader')}
  0x0000016b1c466c40: 0000 0048 | ba30 b184 | 736b 0100 | 008b 7008 | 49ba 0000 | 0030 6b01 | 0000 4903 | f248 3bb2 
  0x0000016b1c466c60: 6801 0000 | 750d 4883 | 8270 0100 | 0001 e979 | 0000 0048 | 3bb2 7801 | 0000 750d | 4883 8280 
  0x0000016b1c466c80: 0100 0001 | e963 0000 | 0048 83ba | 6801 0000 | 0075 1748 | 89b2 6801 | 0000 48c7 | 8270 0100 
  0x0000016b1c466ca0: 0001 0000 | 00e9 4200 | 0000 4883 | ba78 0100 | 0000 7517 | 4889 b278 | 0100 0048 | c782 8001 
  0x0000016b1c466cc0: 0000 0100 | 0000 e921 | 0000 00e9 | 1c00 0000 

  0x0000016b1c466cd0: ;   {metadata(method data for {method} {0x0000016b7358f618} 'findImportedSource' '(Ljava/lang/String;Ljava/util/Collection;)Lorg/eclipse/osgi/internal/loader/sources/PackageSource;' in 'org/eclipse/osgi/internal/loader/BundleLoader')}
  0x0000016b1c466cd0: 48ba 30b1 | 8473 6b01 | 0000 4883 | aa58 0100 | 0001 e946 | 2b00 00e9 | 0000 0000 | 488b d848 
  0x0000016b1c466cf0: 899c 2400 | 0100 0048 | 8d84 2450 | 0100 0048 | 8b10 4885 | d20f 840f | 0000 0048 | 8b70 08f0 
  0x0000016b1c466d10: 480f b116 | 0f85 1c2b | 0000 49ff | 8f50 0500 | 0048 85db 

  0x0000016b1c466d24: ;   {metadata(method data for {method} {0x0000016b7358c878} 'findClass0' '(Ljava/lang/String;ZZ)Ljava/lang/Class;' in 'org/eclipse/osgi/internal/loader/BundleLoader')}
  0x0000016b1c466d24: 48ba 7896 | 8473 6b01 | 0000 48c7 | c608 0500 | 0074 0748 | c7c6 1805 | 0000 488b | 3c32 488d 
  0x0000016b1c466d44: 7f01 4889 | 3c32 0f84 | 310f 0000 | 4c8b 8c24 | d000 0000 

  0x0000016b1c466d58: ;   {metadata(method data for {method} {0x0000016b7358c878} 'findClass0' '(Ljava/lang/String;ZZ)Ljava/lang/Class;' in 'org/eclipse/osgi/internal/loader/BundleLoader')}
  0x0000016b1c466d58: 4d85 c948 | ba78 9684 | 736b 0100 | 0048 c7c6 | 2805 0000 | 7407 48c7 | c638 0500 | 0048 8b3c 
  0x0000016b1c466d78: 3248 8d7f | 0148 893c | 324c 898c | 24d0 0000 | 000f 84f5 | 0900 0048 | 8b94 24a8 | 0000 0044 
  0x0000016b1c466d98: 8b5a 184c | 899c 2408 

  0x0000016b1c466da0: ;   {metadata('java/lang/StringBuilder')}
  0x0000016b1c466da0: 0100 0048 | ba40 8000 | 306b 0100 | 0049 8b87 | b801 0000 | 488d 7818 | 493b bfc8 | 0100 000f 
  0x0000016b1c466dc0: 8787 2a00 | 0049 89bf | b801 0000 | 48c7 0001 | 0000 0048 | 8bca 49ba | 0000 0030 | 6b01 0000 
  0x0000016b1c466de0: 492b ca89 | 4808 4833 | c989 480c | 4833 c948 | 8948 104c 

  0x0000016b1c466df4: ;   {metadata(method data for {method} {0x0000016b7358c878} 'findClass0' '(Ljava/lang/String;ZZ)Ljava/lang/Class;' in 'org/eclipse/osgi/internal/loader/BundleLoader')}
  0x0000016b1c466df4: 8bc0 48ba | 7896 8473 | 6b01 0000 | 4883 8248 | 0500 0001 

  0x0000016b1c466e08: ;   {metadata(method data for {method} {0x0000016b30461da8} '<init>' '(Ljava/lang/String;)V' in 'java/lang/StringBuilder')}
  0x0000016b1c466e08: 49b8 5050 | 3073 6b01 | 0000 418b | 90cc 0000 | 0083 c202 | 4189 90cc | 0000 0081 | e2fe ff1f 
  0x0000016b1c466e28: 0085 d20f | 8428 2a00 | 004c 8bc0 

  0x0000016b1c466e34: ;   {metadata(method data for {method} {0x0000016b30461da8} '<init>' '(Ljava/lang/String;)V' in 'java/lang/StringBuilder')}
  0x0000016b1c466e34: 48ba 5050 | 3073 6b01 | 0000 4883 | 8210 0100 

  0x0000016b1c466e44: ;   {oop("BundleLoader["{0x00000000802877e8})}
  0x0000016b1c466e44: 0001 49b8 | e877 2880 | 0000 0000 | 488b d048 | 8984 24f8 | 0000 000f 

  0x0000016b1c466e5c: ;   {optimized virtual_call}
  0x0000016b1c466e5c: 1f40 00e8 

  0x0000016b1c466e60: ; ImmutableOopMap {[160]=Oop [168]=Oop [208]=Oop [248]=Oop [256]=Oop [264]=Oop }
                      ;*invokespecial <init> {reexecute=0 rethrow=0 return_oop=0}
                      ; - java.lang.StringBuilder::<init>@2
                      ; - org.eclipse.osgi.internal.loader.BundleLoader::findClass0@192 (line 502)
  0x0000016b1c466e60: 1c79 0f07 

  0x0000016b1c466e64: ;   {other}
  0x0000016b1c466e64: 0f1f 8400 | d41f 0013 | 488b 8424 | f800 0000 

  0x0000016b1c466e74: ;   {metadata(method data for {method} {0x0000016b7358c878} 'findClass0' '(Ljava/lang/String;ZZ)Ljava/lang/Class;' in 'org/eclipse/osgi/internal/loader/BundleLoader')}
  0x0000016b1c466e74: 48ba 7896 | 8473 6b01 | 0000 4883 | 8258 0500 

  0x0000016b1c466e84: ;   {metadata(method data for {method} {0x0000016b30461b40} 'append' '(Ljava/lang/Object;)Ljava/lang/StringBuilder;' in 'java/lang/StringBuilder')}
  0x0000016b1c466e84: 0001 48ba | 6812 0f73 | 6b01 0000 | 8bb2 cc00 | 0000 83c6 | 0289 b2cc | 0000 0081 | e6fe ff1f 
  0x0000016b1c466ea4: 0085 f60f | 84cd 2900 

  0x0000016b1c466eac: ;   {metadata(method data for {method} {0x0000016b30461b40} 'append' '(Ljava/lang/Object;)Ljava/lang/StringBuilder;' in 'java/lang/StringBuilder')}
  0x0000016b1c466eac: 0048 ba68 | 120f 736b | 0100 0048 | 8382 1001 

  0x0000016b1c466ebc: ;   {metadata(method data for {method} {0x0000016b30455280} 'valueOf' '(Ljava/lang/Object;)Ljava/lang/String;' in 'java/lang/String')}
  0x0000016b1c466ebc: 0000 0148 | ba08 140f | 736b 0100 | 008b b2cc | 0000 0083 | c602 89b2 | cc00 0000 | 81e6 feff 
  0x0000016b1c466edc: 1f00 85f6 | 0f84 b529 

  0x0000016b1c466ee4: ;   {metadata(method data for {method} {0x0000016b30455280} 'valueOf' '(Ljava/lang/Object;)Ljava/lang/String;' in 'java/lang/String')}
  0x0000016b1c466ee4: 0000 48ba | 0814 0f73 | 6b01 0000 | ff82 1001 | 0000 488b | 9424 a800 

  0x0000016b1c466efc: ;   {metadata(method data for {method} {0x0000016b30455280} 'valueOf' '(Ljava/lang/Object;)Ljava/lang/String;' in 'java/lang/String')}
  0x0000016b1c466efc: 0000 48be | 0814 0f73 | 6b01 0000 | 8b52 0849 | ba00 0000 | 306b 0100 | 0049 03d2 | 483b 9658 
  0x0000016b1c466f1c: 0100 0075 | 0d48 8386 | 6001 0000 | 01e9 6000 | 0000 483b | 9668 0100 | 0075 0d48 | 8386 7001 
  0x0000016b1c466f3c: 0000 01e9 | 4a00 0000 | 4883 be58 | 0100 0000 | 7517 4889 | 9658 0100 | 0048 c786 | 6001 0000 
  0x0000016b1c466f5c: 0100 0000 | e929 0000 | 0048 83be | 6801 0000 | 0075 1748 | 8996 6801 | 0000 48c7 | 8670 0100 
  0x0000016b1c466f7c: 0001 0000 | 00e9 0800 | 0000 4883 | 8648 0100 | 0001 488b | 9424 a800 

  0x0000016b1c466f94: ;   {optimized virtual_call}
  0x0000016b1c466f94: 0000 90e8 

  0x0000016b1c466f98: ; ImmutableOopMap {[160]=Oop [168]=Oop [208]=Oop [248]=Oop [256]=Oop [264]=Oop }
                      ;*invokevirtual toString {reexecute=0 rethrow=0 return_oop=0}
                      ; - java.lang.String::valueOf@11
                      ; - java.lang.StringBuilder::append@2
                      ; - org.eclipse.osgi.internal.loader.BundleLoader::findClass0@196 (line 502)
  0x0000016b1c466f98: e477 0f07 

  0x0000016b1c466f9c: ;   {other}
  0x0000016b1c466f9c: 0f1f 8400 | 0c21 0014 | 4c8b 8424 | f800 0000 

  0x0000016b1c466fac: ;   {metadata(method data for {method} {0x0000016b30461b40} 'append' '(Ljava/lang/Object;)Ljava/lang/StringBuilder;' in 'java/lang/StringBuilder')}
  0x0000016b1c466fac: 48ba 6812 | 0f73 6b01 | 0000 4883 | 8220 0100 

  0x0000016b1c466fbc: ;   {metadata(method data for {method} {0x0000016b30461ae8} 'append' '(Ljava/lang/String;)Ljava/lang/StringBuilder;' in 'java/lang/StringBuilder')}
  0x0000016b1c466fbc: 0001 49b8 | 98ba 0073 | 6b01 0000 | 418b 90cc | 0000 0083 | c202 4189 | 90cc 0000 | 0081 e2fe 
  0x0000016b1c466fdc: ff1f 0085 | d20f 84d5 | 2800 004c | 8b84 24f8 

  0x0000016b1c466fec: ;   {metadata(method data for {method} {0x0000016b30461ae8} 'append' '(Ljava/lang/String;)Ljava/lang/StringBuilder;' in 'java/lang/StringBuilder')}
  0x0000016b1c466fec: 0000 0048 | ba98 ba00 | 736b 0100 | 0048 8382 | 1001 0000 | 014c 8bc0 | 488b 9424 | f800 0000 
  0x0000016b1c46700c: ;   {optimized virtual_call}
  0x0000016b1c46700c: 6666 90e8 

  0x0000016b1c467010: ; ImmutableOopMap {[160]=Oop [168]=Oop [208]=Oop [248]=Oop [256]=Oop [264]=Oop }
                      ;*invokespecial append {reexecute=0 rethrow=0 return_oop=0}
                      ; - java.lang.StringBuilder::append@2
                      ; - java.lang.StringBuilder::append@5
                      ; - org.eclipse.osgi.internal.loader.BundleLoader::findClass0@196 (line 502)
  0x0000016b1c467010: 6c77 0f07 

  0x0000016b1c467014: ;   {other}
  0x0000016b1c467014: 0f1f 8400 | 8421 0015 | 488b 8424 | f800 0000 

  0x0000016b1c467024: ;   {metadata(method data for {method} {0x0000016b7358c878} 'findClass0' '(Ljava/lang/String;ZZ)Ljava/lang/Class;' in 'org/eclipse/osgi/internal/loader/BundleLoader')}
  0x0000016b1c467024: 49b8 7896 | 8473 6b01 | 0000 4983 | 8090 0500 

  0x0000016b1c467034: ;   {metadata(method data for {method} {0x0000016b30461ae8} 'append' '(Ljava/lang/String;)Ljava/lang/StringBuilder;' in 'java/lang/StringBuilder')}
  0x0000016b1c467034: 0001 49b8 | 98ba 0073 | 6b01 0000 | 418b 90cc | 0000 0083 | c202 4189 | 90cc 0000 | 0081 e2fe 
  0x0000016b1c467054: ff1f 0085 | d20f 847e | 2800 0048 | 8b84 24f8 

  0x0000016b1c467064: ;   {metadata(method data for {method} {0x0000016b30461ae8} 'append' '(Ljava/lang/String;)Ljava/lang/StringBuilder;' in 'java/lang/StringBuilder')}
  0x0000016b1c467064: 0000 0049 | b898 ba00 | 736b 0100 | 0049 8380 | 1001 0000 

  0x0000016b1c467078: ;   {oop("] loading from import package: "{0x00000000d5820650})}
  0x0000016b1c467078: 0149 b850 | 0682 d500 | 0000 0048 | 8b94 24f8 | 0000 000f 

  0x0000016b1c46708c: ;   {optimized virtual_call}
  0x0000016b1c46708c: 1f40 00e8 

  0x0000016b1c467090: ; ImmutableOopMap {[160]=Oop [168]=Oop [208]=Oop [248]=Oop [256]=Oop [264]=Oop }
                      ;*invokespecial append {reexecute=0 rethrow=0 return_oop=0}
                      ; - java.lang.StringBuilder::append@2
                      ; - org.eclipse.osgi.internal.loader.BundleLoader::findClass0@202 (line 502)
  0x0000016b1c467090: ec76 0f07 

  0x0000016b1c467094: ;   {other}
  0x0000016b1c467094: 0f1f 8400 | 0422 0016 | 488b 8424 | f800 0000 

  0x0000016b1c4670a4: ;   {metadata(method data for {method} {0x0000016b7358c878} 'findClass0' '(Ljava/lang/String;ZZ)Ljava/lang/Class;' in 'org/eclipse/osgi/internal/loader/BundleLoader')}
  0x0000016b1c4670a4: 48ba 7896 | 8473 6b01 | 0000 4883 | 82c8 0500 

  0x0000016b1c4670b4: ;   {metadata(method data for {method} {0x0000016b30461b40} 'append' '(Ljava/lang/Object;)Ljava/lang/StringBuilder;' in 'java/lang/StringBuilder')}
  0x0000016b1c4670b4: 0001 48ba | 6812 0f73 | 6b01 0000 | 8bb2 cc00 | 0000 83c6 | 0289 b2cc | 0000 0081 | e6fe ff1f 
  0x0000016b1c4670d4: 0085 f60f | 8421 2800 

  0x0000016b1c4670dc: ;   {metadata(method data for {method} {0x0000016b30461b40} 'append' '(Ljava/lang/Object;)Ljava/lang/StringBuilder;' in 'java/lang/StringBuilder')}
  0x0000016b1c4670dc: 0048 ba68 | 120f 736b | 0100 0048 | 8382 1001 

  0x0000016b1c4670ec: ;   {metadata(method data for {method} {0x0000016b30455280} 'valueOf' '(Ljava/lang/Object;)Ljava/lang/String;' in 'java/lang/String')}
  0x0000016b1c4670ec: 0000 0148 | ba08 140f | 736b 0100 | 008b b2cc | 0000 0083 | c602 89b2 | cc00 0000 | 81e6 feff 
  0x0000016b1c46710c: 1f00 85f6 | 0f84 0928 | 0000 488b | 9c24 0001 | 0000 4885 

  0x0000016b1c467120: ;   {metadata(method data for {method} {0x0000016b30455280} 'valueOf' '(Ljava/lang/Object;)Ljava/lang/String;' in 'java/lang/String')}
  0x0000016b1c467120: db48 ba08 | 140f 736b | 0100 0048 | c7c6 1001 | 0000 7507 | 48c7 c620 | 0100 0048 | 8b3c 3248 
  0x0000016b1c467140: 8d7f 0148 | 893c 320f | 851f 0000 

  0x0000016b1c46714c: ;   {metadata(method data for {method} {0x0000016b30455280} 'valueOf' '(Ljava/lang/Object;)Ljava/lang/String;' in 'java/lang/String')}
  0x0000016b1c46714c: 0048 ba08 | 140f 736b | 0100 00ff | 8230 0100 

  0x0000016b1c46715c: ;   {oop("null"{0x0000000080000ef8})}
  0x0000016b1c46715c: 0048 bef8 | 0e00 8000 | 0000 00e9 | ab00 0000 

  0x0000016b1c46716c: ; implicit exception: dispatches to 0x0000016b1c469940
  0x0000016b1c46716c: 483b 0348 

  0x0000016b1c467170: ;   {metadata(method data for {method} {0x0000016b30455280} 'valueOf' '(Ljava/lang/Object;)Ljava/lang/String;' in 'java/lang/String')}
  0x0000016b1c467170: 8bd3 48be | 0814 0f73 | 6b01 0000 | 8b52 0849 | ba00 0000 | 306b 0100 | 0049 03d2 | 483b 9658 
  0x0000016b1c467190: 0100 0075 | 0d48 8386 | 6001 0000 | 01e9 6000 | 0000 483b | 9668 0100 | 0075 0d48 | 8386 7001 
  0x0000016b1c4671b0: 0000 01e9 | 4a00 0000 | 4883 be58 | 0100 0000 | 7517 4889 | 9658 0100 | 0048 c786 | 6001 0000 
  0x0000016b1c4671d0: 0100 0000 | e929 0000 | 0048 83be | 6801 0000 | 0075 1748 | 8996 6801 | 0000 48c7 | 8670 0100 
  0x0000016b1c4671f0: 0001 0000 | 00e9 0800 | 0000 4883 | 8648 0100 | 0001 488b 

  0x0000016b1c467204: ;   {optimized virtual_call}
  0x0000016b1c467204: d366 90e8 

  0x0000016b1c467208: ; ImmutableOopMap {[160]=Oop [168]=Oop [208]=Oop [248]=Oop [256]=Oop [264]=Oop }
                      ;*invokevirtual toString {reexecute=0 rethrow=0 return_oop=0}
                      ; - java.lang.String::valueOf@11
                      ; - java.lang.StringBuilder::append@2
                      ; - org.eclipse.osgi.internal.loader.BundleLoader::findClass0@207 (line 502)
  0x0000016b1c467208: 7475 0f07 

  0x0000016b1c46720c: ;   {other}
  0x0000016b1c46720c: 0f1f 8400 | 7c23 0017 | 488b f048 | 8b84 24f8 

  0x0000016b1c46721c: ;   {metadata(method data for {method} {0x0000016b30461b40} 'append' '(Ljava/lang/Object;)Ljava/lang/StringBuilder;' in 'java/lang/StringBuilder')}
  0x0000016b1c46721c: 0000 0049 | b868 120f | 736b 0100 | 0049 8380 | 2001 0000 

  0x0000016b1c467230: ;   {metadata(method data for {method} {0x0000016b30461ae8} 'append' '(Ljava/lang/String;)Ljava/lang/StringBuilder;' in 'java/lang/StringBuilder')}
  0x0000016b1c467230: 0149 b898 | ba00 736b | 0100 0041 | 8b90 cc00 | 0000 83c2 | 0241 8990 | cc00 0000 | 81e2 feff 
  0x0000016b1c467250: 1f00 85d2 | 0f84 eb26 | 0000 488b | 8424 f800 

  0x0000016b1c467260: ;   {metadata(method data for {method} {0x0000016b30461ae8} 'append' '(Ljava/lang/String;)Ljava/lang/StringBuilder;' in 'java/lang/StringBuilder')}
  0x0000016b1c467260: 0000 49b8 | 98ba 0073 | 6b01 0000 | 4983 8010 | 0100 0001 | 4c8b c648 | 8b94 24f8 

  0x0000016b1c46727c: ;   {optimized virtual_call}
  0x0000016b1c46727c: 0000 00e8 

  0x0000016b1c467280: ; ImmutableOopMap {[160]=Oop [168]=Oop [208]=Oop [248]=Oop [256]=Oop [264]=Oop }
                      ;*invokespecial append {reexecute=0 rethrow=0 return_oop=0}
                      ; - java.lang.StringBuilder::append@2
                      ; - java.lang.StringBuilder::append@5
                      ; - org.eclipse.osgi.internal.loader.BundleLoader::findClass0@207 (line 502)
  0x0000016b1c467280: fc74 0f07 

  0x0000016b1c467284: ;   {other}
  0x0000016b1c467284: 0f1f 8400 | f423 0018 | 4c8b 8424 | f800 0000 

  0x0000016b1c467294: ;   {metadata(method data for {method} {0x0000016b7358c878} 'findClass0' '(Ljava/lang/String;ZZ)Ljava/lang/Class;' in 'org/eclipse/osgi/internal/loader/BundleLoader')}
  0x0000016b1c467294: 498b c048 | ba78 9684 | 736b 0100 | 0048 8382 | 0006 0000 

  0x0000016b1c4672a8: ;   {metadata(method data for {method} {0x0000016b30008958} 'toString' '()Ljava/lang/String;' in 'java/lang/StringBuilder')}
  0x0000016b1c4672a8: 0148 bac0 | c100 736b | 0100 008b | b2cc 0000 | 0083 c602 | 89b2 cc00 | 0000 81e6 | feff 1f00 
  0x0000016b1c4672c8: 85f6 0f84 | 9626 0000 

  0x0000016b1c4672d0: ;   {metadata('java/lang/String')}
  0x0000016b1c4672d0: 48ba 78e8 | 0030 6b01 | 0000 498b | 87b8 0100 | 0048 8d78 | 1849 3bbf | c801 0000 | 0f87 9526 
  0x0000016b1c4672f0: 0000 4989 | bfb8 0100 | 0048 c700 | 0100 0000 | 488b ca49 | ba00 0000 | 306b 0100 | 0049 2bca 
  0x0000016b1c467310: 8948 0848 | 33c9 8948 | 0c48 33c9 | 4889 4810 

  0x0000016b1c467320: ;   {metadata(method data for {method} {0x0000016b30008958} 'toString' '()Ljava/lang/String;' in 'java/lang/StringBuilder')}
  0x0000016b1c467320: 4c8b c848 | bac0 c100 | 736b 0100 | 0048 8382 | 1001 0000 

  0x0000016b1c467334: ;   {metadata(method data for {method} {0x0000016b30455dd8} '<init>' '(Ljava/lang/StringBuilder;)V' in 'java/lang/String')}
  0x0000016b1c467334: 0149 b908 | c300 736b | 0100 0041 | 8b91 cc00 | 0000 83c2 | 0241 8991 | cc00 0000 | 81e2 feff 
  0x0000016b1c467354: 1f00 85d2 | 0f84 3626 | 0000 4c8b 

  0x0000016b1c467360: ;   {metadata(method data for {method} {0x0000016b30455dd8} '<init>' '(Ljava/lang/StringBuilder;)V' in 'java/lang/String')}
  0x0000016b1c467360: c848 ba08 | c300 736b | 0100 0048 | 8382 1001 

  0x0000016b1c467370: ;   {oop(nullptr)}
  0x0000016b1c467370: 0000 0149 | b900 0000 | 0000 0000 | 0048 8bd0 | 4889 8424 | 1001 0000 | 0f1f 8000 

  0x0000016b1c46738c: ;   {optimized virtual_call}
  0x0000016b1c46738c: 0000 00e8 

  0x0000016b1c467390: ; ImmutableOopMap {[160]=Oop [168]=Oop [208]=Oop [256]=Oop [264]=Oop [272]=Oop }
                      ;*invokespecial <init> {reexecute=0 rethrow=0 return_oop=0}
                      ; - java.lang.String::<init>@3
                      ; - java.lang.StringBuilder::toString@5
                      ; - org.eclipse.osgi.internal.loader.BundleLoader::findClass0@210 (line 502)
  0x0000016b1c467390: ec73 0f07 

  0x0000016b1c467394: ;   {other}
  0x0000016b1c467394: 0f1f 8400 | 0425 0019 | 4c8b 9c24 | 0801 0000 

  0x0000016b1c4673a4: ; implicit exception: dispatches to 0x0000016b1c4699b5
  0x0000016b1c4673a4: 493b 034d 

  0x0000016b1c4673a8: ;   {metadata(method data for {method} {0x0000016b7358c878} 'findClass0' '(Ljava/lang/String;ZZ)Ljava/lang/Class;' in 'org/eclipse/osgi/internal/loader/BundleLoader')}
  0x0000016b1c4673a8: 8bc3 49b9 | 7896 8473 | 6b01 0000 

  0x0000016b1c4673b4: ;   {metadata('org/eclipse/osgi/internal/debug/Debug')}
  0x0000016b1c4673b4: 49ba 8009 | 0931 6b01 | 0000 4d89 | 9148 0600 | 0049 8381 | 5006 0000 

  0x0000016b1c4673cc: ;   {metadata(method data for {method} {0x0000016b734e5400} 'trace' '(Ljava/lang/String;Ljava/lang/String;)V' in 'org/eclipse/osgi/internal/debug/Debug')}
  0x0000016b1c4673cc: 0149 b8a0 | 3a81 736b | 0100 0045 | 8b88 cc00 | 0000 4183 | c102 4589 | 88cc 0000 | 0041 81e1 
  0x0000016b1c4673ec: feff 1f00 | 4585 c90f | 84c1 2500 | 0041 8b53 | 2448 85d2 

  0x0000016b1c467400: ;   {metadata(method data for {method} {0x0000016b734e5400} 'trace' '(Ljava/lang/String;Ljava/lang/String;)V' in 'org/eclipse/osgi/internal/debug/Debug')}
  0x0000016b1c467400: 49b8 a03a | 8173 6b01 | 0000 49c7 | c110 0100 | 0074 0749 | c7c1 2001 | 0000 4b8b | 3408 488d 
  0x0000016b1c467420: 7601 4b89 | 3408 0f84 | fe02 0000 | 4885 d20f | 8429 0000 

  0x0000016b1c467434: ;   {metadata('org/eclipse/osgi/internal/log/ExtendedLogServiceImpl')}
  0x0000016b1c467434: 0048 bf40 | 5609 316b | 0100 008b | 7208 49ba | 0000 0030 | 6b01 0000 | 4903 f248 | 3b7e 380f 
  0x0000016b1c467454: 8582 2500 | 00e9 0000 | 0000 4c8b | c248 3b02 

  0x0000016b1c467464: ;   {metadata(method data for {method} {0x0000016b734e5400} 'trace' '(Ljava/lang/String;Ljava/lang/String;)V' in 'org/eclipse/osgi/internal/debug/Debug')}
  0x0000016b1c467464: 4c8b c249 | b9a0 3a81 | 736b 0100 

  0x0000016b1c467470: ;   {metadata('org/eclipse/osgi/internal/log/ExtendedLogServiceImpl')}
  0x0000016b1c467470: 0049 ba40 | 5609 316b | 0100 004d | 8991 4001 | 0000 4983 | 8148 0100 

  0x0000016b1c467488: ;   {metadata(method data for {method} {0x0000016b7350ca90} 'getLogger' '(Ljava/lang/String;)Lorg/osgi/service/log/Logger;' in 'org/eclipse/osgi/internal/log/ExtendedLogServiceImpl')}
  0x0000016b1c467488: 0001 49b8 | e03c 8173 | 6b01 0000 | 458b 88cc | 0000 0041 | 83c1 0245 | 8988 cc00 | 0000 4181 
  0x0000016b1c4674a8: e1fe ff1f | 0045 85c9 | 0f84 2f25 | 0000 4c8b 

  0x0000016b1c4674b8: ;   {metadata(method data for {method} {0x0000016b7350ca90} 'getLogger' '(Ljava/lang/String;)Lorg/osgi/service/log/Logger;' in 'org/eclipse/osgi/internal/log/ExtendedLogServiceImpl')}
  0x0000016b1c4674b8: c249 b9e0 | 3c81 736b 

  0x0000016b1c4674c0: ;   {metadata('org/eclipse/osgi/internal/log/ExtendedLogServiceImpl')}
  0x0000016b1c4674c0: 0100 0049 | ba40 5609 | 316b 0100 | 004d 8991 | 2001 0000 | 4983 8128 | 0100 0001 

  0x0000016b1c4674dc: ;   {metadata(method data for {method} {0x0000016b7350a318} 'getLogger' '(Ljava/lang/String;)Lorg/eclipse/equinox/log/Logger;' in 'org/eclipse/osgi/internal/log/ExtendedLogServiceImpl')}
  0x0000016b1c4674dc: 49b8 0080 | 8273 6b01 | 0000 458b | 88cc 0000 | 0041 83c1 | 0245 8988 | cc00 0000 | 4181 e1fe 
  0x0000016b1c4674fc: ff1f 0045 | 85c9 0f84 | fe24 0000 

  0x0000016b1c467508: ;   {metadata(method data for {method} {0x0000016b7350a318} 'getLogger' '(Ljava/lang/String;)Lorg/eclipse/equinox/log/Logger;' in 'org/eclipse/osgi/internal/log/ExtendedLogServiceImpl')}
  0x0000016b1c467508: 4c8b c249 | b900 8082 | 736b 0100 

  0x0000016b1c467514: ;   {metadata('org/eclipse/osgi/internal/log/ExtendedLogServiceImpl')}
  0x0000016b1c467514: 0049 ba40 | 5609 316b | 0100 004d | 8991 2001 | 0000 4983 | 8128 0100 | 0001 4c8b | 8424 d000 
  0x0000016b1c467534: ;   {oop(a 'java/lang/Class'{0x0000000080287450} = 'org/osgi/service/log/Logger')}
  0x0000016b1c467534: 0000 49b9 | 5074 2880 | 0000 0000 | 0f1f 8000 

  0x0000016b1c467544: ;   {optimized virtual_call}
  0x0000016b1c467544: 0000 00e8 

  0x0000016b1c467548: ; ImmutableOopMap {[160]=Oop [168]=Oop [208]=Oop [256]=Oop [272]=Oop }
                      ;*invokevirtual getLogger {reexecute=0 rethrow=0 return_oop=0}
                      ; - org.eclipse.osgi.internal.log.ExtendedLogServiceImpl::getLogger@4 (line 73)
                      ; - org.eclipse.osgi.internal.log.ExtendedLogServiceImpl::getLogger@2 (line 1)
                      ; - org.eclipse.osgi.internal.debug.Debug::trace@11 (line 265)
                      ; - org.eclipse.osgi.internal.loader.BundleLoader::findClass0@213 (line 502)
  0x0000016b1c467548: 3472 0f07 

  0x0000016b1c46754c: ;   {other}
  0x0000016b1c46754c: 0f1f 8400 | bc26 001a | 4885 c075 

  0x0000016b1c467558: ;   {metadata(method data for {method} {0x0000016b7350a318} 'getLogger' '(Ljava/lang/String;)Lorg/eclipse/equinox/log/Logger;' in 'org/eclipse/osgi/internal/log/ExtendedLogServiceImpl')}
  0x0000016b1c467558: 1648 be00 | 8082 736b | 0100 0080 | 8e41 0100 | 0001 e9e7 

  0x0000016b1c46756c: ;   {metadata('org/eclipse/equinox/log/Logger')}
  0x0000016b1c46756c: 0000 0048 | bff8 2909 | 316b 0100 | 008b 7008 | 49ba 0000 | 0030 6b01 | 0000 4903 | f248 3b7e 
  0x0000016b1c46758c: 200f 841a | 0000 0048 | 3bf7 0f84 | 1100 0000 

  0x0000016b1c46759c: ;   {runtime_call slow_subtype_check Runtime1 stub}
  0x0000016b1c46759c: 5657 e8dd | 891a 075e | 5e85 f60f | 848d 0000 

  0x0000016b1c4675ac: ;   {metadata(method data for {method} {0x0000016b7350a318} 'getLogger' '(Ljava/lang/String;)Lorg/eclipse/equinox/log/Logger;' in 'org/eclipse/osgi/internal/log/ExtendedLogServiceImpl')}
  0x0000016b1c4675ac: 0048 be00 | 8082 736b | 0100 008b | 7808 49ba | 0000 0030 | 6b01 0000 | 4903 fa48 | 3bbe 5801 
  0x0000016b1c4675cc: 0000 750d | 4883 8660 | 0100 0001 | e979 0000 | 0048 3bbe | 6801 0000 | 750d 4883 | 8670 0100 
  0x0000016b1c4675ec: 0001 e963 | 0000 0048 | 83be 5801 | 0000 0075 | 1748 89be | 5801 0000 | 48c7 8660 | 0100 0001 
  0x0000016b1c46760c: 0000 00e9 | 4200 0000 | 4883 be68 | 0100 0000 | 7517 4889 | be68 0100 | 0048 c786 | 7001 0000 
  0x0000016b1c46762c: 0100 0000 | e921 0000 | 00e9 1c00 

  0x0000016b1c467638: ;   {metadata(method data for {method} {0x0000016b7350a318} 'getLogger' '(Ljava/lang/String;)Lorg/eclipse/equinox/log/Logger;' in 'org/eclipse/osgi/internal/log/ExtendedLogServiceImpl')}
  0x0000016b1c467638: 0000 48be | 0080 8273 | 6b01 0000 | 4883 ae48 | 0100 0001 | e9d6 2300 | 00e9 0000 | 0000 488b 
  0x0000016b1c467658: d048 3b02 

  0x0000016b1c46765c: ;   {metadata(method data for {method} {0x0000016b734e5400} 'trace' '(Ljava/lang/String;Ljava/lang/String;)V' in 'org/eclipse/osgi/internal/debug/Debug')}
  0x0000016b1c46765c: 4c8b c248 | bea0 3a81 | 736b 0100 | 0045 8b40 | 0849 ba00 | 0000 306b | 0100 004d | 03c2 4c3b 
  0x0000016b1c46767c: 8678 0100 | 0075 0d48 | 8386 8001 | 0000 01e9 | 6000 0000 | 4c3b 8688 | 0100 0075 | 0d48 8386 
  0x0000016b1c46769c: 9001 0000 | 01e9 4a00 | 0000 4883 | be78 0100 | 0000 7517 | 4c89 8678 | 0100 0048 | c786 8001 
  0x0000016b1c4676bc: 0000 0100 | 0000 e929 | 0000 0048 | 83be 8801 | 0000 0075 | 174c 8986 | 8801 0000 | 48c7 8690 
  0x0000016b1c4676dc: 0100 0001 | 0000 00e9 | 0800 0000 | 4883 8668 | 0100 0001 | 4c8b 8424 | 1001 0000 | 0f1f 4400 
  0x0000016b1c4676fc: 0048 b8ff | ffff ffff 

  0x0000016b1c467704: ;   {virtual_call}
  0x0000016b1c467704: ffff ffe8 

  0x0000016b1c467708: ; ImmutableOopMap {[160]=Oop [168]=Oop [208]=Oop [256]=Oop }
                      ;*invokeinterface debug {reexecute=0 rethrow=0 return_oop=0}
                      ; - org.eclipse.osgi.internal.debug.Debug::trace@17 (line 265)
                      ; - org.eclipse.osgi.internal.loader.BundleLoader::findClass0@213 (line 502)
  0x0000016b1c467708: 7473 0f07 

  0x0000016b1c46770c: ;   {other}
  0x0000016b1c46770c: 0f1f 8400 | 7c28 001b 

  0x0000016b1c467714: ;   {metadata(method data for {method} {0x0000016b734e5400} 'trace' '(Ljava/lang/String;Ljava/lang/String;)V' in 'org/eclipse/osgi/internal/debug/Debug')}
  0x0000016b1c467714: 49b8 a03a | 8173 6b01 | 0000 41ff | 80a0 0100 | 00e9 5200 | 0000 488b | 8424 1001 

  0x0000016b1c467730: ;   {oop(a 'java/lang/Class'{0x00000000802874c8} = 'org/eclipse/osgi/internal/debug/Debug')}
  0x0000016b1c467730: 0000 49b8 | c874 2880 | 0000 0000 | 418b 90d0 | 0000 0048 | 3b02 4c8b 

  0x0000016b1c467748: ;   {metadata(method data for {method} {0x0000016b734e5400} 'trace' '(Ljava/lang/String;Ljava/lang/String;)V' in 'org/eclipse/osgi/internal/debug/Debug')}
  0x0000016b1c467748: c248 bea0 | 3a81 736b 

  0x0000016b1c467750: ;   {metadata('java/io/PrintStream')}
  0x0000016b1c467750: 0100 0049 | bac8 a300 | 306b 0100 | 004c 8996 | c801 0000 | 4883 86d0 | 0100 0001 

  0x0000016b1c46776c: ;   {optimized virtual_call}
  0x0000016b1c46776c: 4c8b c0e8 

  0x0000016b1c467770: ; ImmutableOopMap {[160]=Oop [168]=Oop [208]=Oop [256]=Oop }
                      ;*invokevirtual println {reexecute=0 rethrow=0 return_oop=0}
                      ; - org.eclipse.osgi.internal.debug.Debug::trace@29 (line 267)
                      ; - org.eclipse.osgi.internal.loader.BundleLoader::findClass0@213 (line 502)
  0x0000016b1c467770: 0c70 0f07 

  0x0000016b1c467774: ;   {other}
  0x0000016b1c467774: 0f1f 8400 | e428 001c | 488b 9c24 | 0001 0000 

  0x0000016b1c467784: ; implicit exception: dispatches to 0x0000016b1c469a3a
  0x0000016b1c467784: 483b 034c 

  0x0000016b1c467788: ;   {metadata(method data for {method} {0x0000016b7358c878} 'findClass0' '(Ljava/lang/String;ZZ)Ljava/lang/Class;' in 'org/eclipse/osgi/internal/loader/BundleLoader')}
  0x0000016b1c467788: 8bc3 48ba | 7896 8473 | 6b01 0000 | 458b 4008 | 49ba 0000 | 0030 6b01 | 0000 4d03 | c24c 3b82 
  0x0000016b1c4677a8: 8006 0000 | 750d 4883 | 8288 0600 | 0001 e960 | 0000 004c | 3b82 9006 | 0000 750d | 4883 8298 
  0x0000016b1c4677c8: 0600 0001 | e94a 0000 | 0048 83ba | 8006 0000 | 0075 174c | 8982 8006 | 0000 48c7 | 8288 0600 
  0x0000016b1c4677e8: 0001 0000 | 00e9 2900 | 0000 4883 | ba90 0600 | 0000 7517 | 4c89 8290 | 0600 0048 | c782 9806 
  0x0000016b1c467808: 0000 0100 | 0000 e908 | 0000 0048 | 8382 7006 | 0000 014c | 8b84 24a0 | 0000 0048 | 8bd3 0f1f 
  0x0000016b1c467828: 8000 0000 | 0048 b8ff | ffff ffff 

  0x0000016b1c467834: ;   {virtual_call}
  0x0000016b1c467834: ffff ffe8 

  0x0000016b1c467838: ; ImmutableOopMap {[160]=Oop [168]=Oop [208]=Oop }
                      ;*invokevirtual loadClass {reexecute=0 rethrow=0 return_oop=0}
                      ; - org.eclipse.osgi.internal.loader.BundleLoader::findClass0@219 (line 505)
  0x0000016b1c467838: a442 0f07 

  0x0000016b1c46783c: ;   {other}
  0x0000016b1c46783c: 0f1f 8400 | ac29 001d 

  0x0000016b1c467844: ;   {metadata(method data for {method} {0x0000016b7358c878} 'findClass0' '(Ljava/lang/String;ZZ)Ljava/lang/Class;' in 'org/eclipse/osgi/internal/loader/BundleLoader')}
  0x0000016b1c467844: 4885 c048 | ba78 9684 | 736b 0100 | 0048 c7c6 | a806 0000 | 7507 48c7 | c6b8 0600 | 0048 8b3c 
  0x0000016b1c467864: 3248 8d7f | 0148 893c | 320f 85c9 | 0300 0048 | 8b94 24a8 

  0x0000016b1c467878: ;   {metadata(method data for {method} {0x0000016b7358c878} 'findClass0' '(Ljava/lang/String;ZZ)Ljava/lang/Class;' in 'org/eclipse/osgi/internal/loader/BundleLoader')}
  0x0000016b1c467878: 0000 0048 | be78 9684 | 736b 0100 | 008b 5208 | 49ba 0000 | 0030 6b01 | 0000 4903 | d248 3b96 
  0x0000016b1c467898: d806 0000 | 750d 4883 | 86e0 0600 | 0001 e960 | 0000 0048 | 3b96 e806 | 0000 750d | 4883 86f0 
  0x0000016b1c4678b8: 0600 0001 | e94a 0000 | 0048 83be | d806 0000 | 0075 1748 | 8996 d806 | 0000 48c7 | 86e0 0600 
  0x0000016b1c4678d8: 0001 0000 | 00e9 2900 | 0000 4883 | bee8 0600 | 0000 7517 | 4889 96e8 | 0600 0048 | c786 f006 
  0x0000016b1c4678f8: 0000 0100 | 0000 e908 | 0000 0048 | 8386 c806 | 0000 0148 | 8b94 24a8 | 0000 0066 | 9048 b8ff 
  0x0000016b1c467918: ffff ffff 

  0x0000016b1c46791c: ;   {virtual_call}
  0x0000016b1c46791c: ffff ffe8 

  0x0000016b1c467920: ; ImmutableOopMap {[160]=Oop [168]=Oop [208]=Oop }
                      ;*invokevirtual getModuleClassLoader {reexecute=0 rethrow=0 return_oop=0}
                      ; - org.eclipse.osgi.internal.loader.BundleLoader::findClass0@230 (line 509)
  0x0000016b1c467920: 5c71 0f07 

  0x0000016b1c467924: ;   {other}
  0x0000016b1c467924: 0f1f 8400 | 942a 001e 

  0x0000016b1c46792c: ; implicit exception: dispatches to 0x0000016b1c469a3f
  0x0000016b1c46792c: 483b 004c 

  0x0000016b1c467930: ;   {metadata(method data for {method} {0x0000016b7358c878} 'findClass0' '(Ljava/lang/String;ZZ)Ljava/lang/Class;' in 'org/eclipse/osgi/internal/loader/BundleLoader')}
  0x0000016b1c467930: 8bc0 48ba | 7896 8473 | 6b01 0000 | 458b 4008 | 49ba 0000 | 0030 6b01 | 0000 4d03 | c24c 3b82 
  0x0000016b1c467950: 1007 0000 | 750d 4883 | 8218 0700 | 0001 e960 | 0000 004c | 3b82 2007 | 0000 750d | 4883 8228 
  0x0000016b1c467970: 0700 0001 | e94a 0000 | 0048 83ba | 1007 0000 | 0075 174c | 8982 1007 | 0000 48c7 | 8218 0700 
  0x0000016b1c467990: 0001 0000 | 00e9 2900 | 0000 4883 | ba20 0700 | 0000 7517 | 4c89 8220 | 0700 0048 | c782 2807 
  0x0000016b1c4679b0: 0000 0100 | 0000 e908 | 0000 0048 | 8382 0007 

  0x0000016b1c4679c0: ;   {metadata(method data for {method} {0x0000016b735dff98} 'publicFindLoaded' '(Ljava/lang/String;)Ljava/lang/Class;' in 'org/eclipse/osgi/internal/loader/ModuleClassLoader')}
  0x0000016b1c4679c0: 0000 0149 | b800 bb84 | 736b 0100 | 0041 8b90 | cc00 0000 | 83c2 0241 | 8990 cc00 | 0000 81e2 
  0x0000016b1c4679e0: feff 1f00 | 85d2 0f84 | 5820 0000 

  0x0000016b1c4679ec: ;   {metadata(method data for {method} {0x0000016b735dff98} 'publicFindLoaded' '(Ljava/lang/String;)Ljava/lang/Class;' in 'org/eclipse/osgi/internal/loader/ModuleClassLoader')}
  0x0000016b1c4679ec: 4c8b c048 | ba00 bb84 | 736b 0100 | 0045 8b40 | 0849 ba00 | 0000 306b | 0100 004d | 03c2 4c3b 
  0x0000016b1c467a0c: 8220 0100 | 0075 0d48 | 8382 2801 | 0000 01e9 | 6000 0000 | 4c3b 8230 | 0100 0075 | 0d48 8382 
  0x0000016b1c467a2c: 3801 0000 | 01e9 4a00 | 0000 4883 | ba20 0100 | 0000 7517 | 4c89 8220 | 0100 0048 | c782 2801 
  0x0000016b1c467a4c: 0000 0100 | 0000 e929 | 0000 0048 | 83ba 3001 | 0000 0075 | 174c 8982 | 3001 0000 | 48c7 8238 
  0x0000016b1c467a6c: 0100 0001 | 0000 00e9 | 0800 0000 | 4883 8210 | 0100 0001 

  0x0000016b1c467a80: ;   {metadata(method data for {method} {0x0000016b73624b48} 'getClassLoadingLock' '(Ljava/lang/String;)Ljava/lang/Object;' in 'org/eclipse/osgi/internal/loader/ModuleClassLoader')}
  0x0000016b1c467a80: 49b8 c8bc | 8473 6b01 | 0000 418b | 90cc 0000 | 0083 c202 | 4189 90cc | 0000 0081 | e2fe ff1f 
  0x0000016b1c467aa0: 0085 d20f | 84bc 1f00 | 008b 5050 

  0x0000016b1c467aac: ; implicit exception: dispatches to 0x0000016b1c469a86
  0x0000016b1c467aac: 483b 024c 

  0x0000016b1c467ab0: ;   {metadata(method data for {method} {0x0000016b73624b48} 'getClassLoadingLock' '(Ljava/lang/String;)Ljava/lang/Object;' in 'org/eclipse/osgi/internal/loader/ModuleClassLoader')}
  0x0000016b1c467ab0: 8bc2 48be | c8bc 8473 | 6b01 0000 | 4883 8610 | 0100 0001 | 4c8b 8424 | a000 0000 | 4889 8424 
  0x0000016b1c467ad0: 1801 0000 

  0x0000016b1c467ad4: ;   {optimized virtual_call}
  0x0000016b1c467ad4: 6666 90e8 

  0x0000016b1c467ad8: ; ImmutableOopMap {[160]=Oop [168]=Oop [208]=Oop [280]=Oop }
                      ;*invokevirtual getLock {reexecute=0 rethrow=0 return_oop=0}
                      ; - org.eclipse.osgi.internal.loader.ModuleClassLoader::getClassLoadingLock@5 (line 437)
                      ; - org.eclipse.osgi.internal.loader.ModuleClassLoader::publicFindLoaded@2 (line 323)
                      ; - org.eclipse.osgi.internal.loader.BundleLoader::findClass0@234 (line 509)
  0x0000016b1c467ad8: a46c 0f07 

  0x0000016b1c467adc: ;   {other}
  0x0000016b1c467adc: 0f1f 8400 | 4c2c 001f | 4889 8424 | 2001 0000 | 488d 9424 | 5001 0000 | 488b f048 | 8972 0848 
  0x0000016b1c467afc: 8b06 4883 | c801 4889 | 02f0 480f | b116 0f84 | 1200 0000 | 482b c448 | 2507 f0ff | ff48 8902 
  0x0000016b1c467b1c: 0f85 6e1f | 0000 49ff | 8750 0500 | 0048 8b94 | 2418 0100 

  0x0000016b1c467b30: ;   {metadata(method data for {method} {0x0000016b735dff98} 'publicFindLoaded' '(Ljava/lang/String;)Ljava/lang/Class;' in 'org/eclipse/osgi/internal/loader/ModuleClassLoader')}
  0x0000016b1c467b30: 0048 be00 | bb84 736b | 0100 0048 | 8386 4801 

  0x0000016b1c467b40: ;   {metadata(method data for {method} {0x0000016b304353e0} 'findLoadedClass' '(Ljava/lang/String;)Ljava/lang/Class;' in 'java/lang/ClassLoader')}
  0x0000016b1c467b40: 0000 0148 | bad8 d423 | 736b 0100 | 008b b2cc | 0000 0083 | c602 89b2 | cc00 0000 | 81e6 feff 
  0x0000016b1c467b60: 1f00 85f6 | 0f84 391f 

  0x0000016b1c467b68: ;   {metadata(method data for {method} {0x0000016b304353e0} 'findLoadedClass' '(Ljava/lang/String;)Ljava/lang/Class;' in 'java/lang/ClassLoader')}
  0x0000016b1c467b68: 0000 48ba | d8d4 2373 | 6b01 0000 | 4883 8210 | 0100 0001 | 488b 9424 | a000 0000 

  0x0000016b1c467b84: ;   {static_call}
  0x0000016b1c467b84: 6666 90e8 

  0x0000016b1c467b88: ; ImmutableOopMap {[160]=Oop [168]=Oop [208]=Oop [280]=Oop [288]=Oop [344]=Oop }
                      ;*invokestatic checkName {reexecute=0 rethrow=0 return_oop=0}
                      ; - java.lang.ClassLoader::findLoadedClass@1
                      ; - org.eclipse.osgi.internal.loader.ModuleClassLoader::publicFindLoaded@10 (line 324)
                      ; - org.eclipse.osgi.internal.loader.BundleLoader::findClass0@234 (line 509)
  0x0000016b1c467b88: f471 0f07 

  0x0000016b1c467b8c: ;   {other}
  0x0000016b1c467b8c: 0f1f 8400 | fc2c 0020 

  0x0000016b1c467b94: ;   {metadata(method data for {method} {0x0000016b304353e0} 'findLoadedClass' '(Ljava/lang/String;)Ljava/lang/Class;' in 'java/lang/ClassLoader')}
  0x0000016b1c467b94: 85c0 49b8 | d8d4 2373 | 6b01 0000 | 48c7 c220 | 0100 0075 | 0748 c7c2 | 3001 0000 | 498b 3410 
  0x0000016b1c467bb4: 488d 7601 | 4989 3410 | 0f85 0f00 

  0x0000016b1c467bc0: ;   {oop(nullptr)}
  0x0000016b1c467bc0: 0000 48be | 0000 0000 | 0000 0000 | e93e 0000 | 0048 8b84 | 2418 0100 | 004c 8bc0 

  0x0000016b1c467bdc: ;   {metadata(method data for {method} {0x0000016b304353e0} 'findLoadedClass' '(Ljava/lang/String;)Ljava/lang/Class;' in 'java/lang/ClassLoader')}
  0x0000016b1c467bdc: 48ba d8d4 | 2373 6b01 | 0000 4883 | 8240 0100 | 0001 4c8b | 8424 a000 | 0000 488b | d066 0f1f 
  0x0000016b1c467bfc: ;   {optimized virtual_call}
  0x0000016b1c467bfc: 4400 00e8 

  0x0000016b1c467c00: ; ImmutableOopMap {[160]=Oop [168]=Oop [208]=Oop [288]=Oop [344]=Oop }
                      ;*invokevirtual findLoadedClass0 {reexecute=0 rethrow=0 return_oop=0}
                      ; - java.lang.ClassLoader::findLoadedClass@11
                      ; - org.eclipse.osgi.internal.loader.ModuleClassLoader::publicFindLoaded@10 (line 324)
                      ; - org.eclipse.osgi.internal.loader.BundleLoader::findClass0@234 (line 509)
  0x0000016b1c467c00: 7c6b 0f07 

  0x0000016b1c467c04: ;   {other}
  0x0000016b1c467c04: 0f1f 8400 | 742d 0021 | 488b f048 | 8d84 2450 | 0100 004c | 8b00 4d85 | c00f 840f | 0000 004c 
  0x0000016b1c467c24: 8b48 08f0 | 4d0f b101 | 0f85 921e | 0000 49ff | 8f50 0500 | 0048 8bc6 

  0x0000016b1c467c3c: ;   {metadata(method data for {method} {0x0000016b7358c878} 'findClass0' '(Ljava/lang/String;ZZ)Ljava/lang/Class;' in 'org/eclipse/osgi/internal/loader/BundleLoader')}
  0x0000016b1c467c3c: 4885 c049 | b878 9684 | 736b 0100 | 0049 c7c1 | 3807 0000 | 7407 49c7 | c148 0700 | 004b 8b14 
  0x0000016b1c467c5c: 0848 8d52 | 014b 8914 | 080f 842e | 1500 0048 | 81c4 7001 

  0x0000016b1c467c70: ;   {poll_return}
  0x0000016b1c467c70: 0000 5d49 | 3ba7 5004 | 0000 0f87 | 5a1e 0000 | c348 8b94 | 24a8 0000 

  0x0000016b1c467c88: ;   {metadata(method data for {method} {0x0000016b7358c878} 'findClass0' '(Ljava/lang/String;ZZ)Ljava/lang/Class;' in 'org/eclipse/osgi/internal/loader/BundleLoader')}
  0x0000016b1c467c88: 0049 b878 | 9684 736b | 0100 0049 | 8380 6807 | 0000 014c | 8b84 24b8 

  0x0000016b1c467ca0: ;   {oop(nullptr)}
  0x0000016b1c467ca0: 0000 0049 | b900 0000 | 0000 0000 | 0048 8b94 | 24a8 0000 

  0x0000016b1c467cb4: ;   {optimized virtual_call}
  0x0000016b1c467cb4: 0066 90e8 

  0x0000016b1c467cb8: ; ImmutableOopMap {[160]=Oop [168]=Oop [184]=Oop [208]=Oop [232]=Oop }
                      ;*invokespecial findRequiredSource {reexecute=0 rethrow=0 return_oop=0}
                      ; - org.eclipse.osgi.internal.loader.BundleLoader::findClass0@260 (line 516)
  0x0000016b1c467cb8: dd24 0000 

  0x0000016b1c467cbc: ;   {other}
  0x0000016b1c467cbc: 0f1f 8400 | 2c2e 0022 | 4889 8424 | 3001 0000 

  0x0000016b1c467ccc: ;   {metadata(method data for {method} {0x0000016b7358c878} 'findClass0' '(Ljava/lang/String;ZZ)Ljava/lang/Class;' in 'org/eclipse/osgi/internal/loader/BundleLoader')}
  0x0000016b1c467ccc: 4885 c048 | ba78 9684 | 736b 0100 | 0048 c7c6 | 8807 0000 | 7507 48c7 | c678 0700 | 0048 8b3c 
  0x0000016b1c467cec: 3248 8d7f | 0148 893c | 320f 850d | 0000 0048 | 8bb4 24e8 | 0000 00e9 | e70a 0000 | 488b 9c24 
  0x0000016b1c467d0c: d000 0000 

  0x0000016b1c467d10: ;   {metadata(method data for {method} {0x0000016b7358c878} 'findClass0' '(Ljava/lang/String;ZZ)Ljava/lang/Class;' in 'org/eclipse/osgi/internal/loader/BundleLoader')}
  0x0000016b1c467d10: 4885 db48 | ba78 9684 | 736b 0100 | 0048 c7c6 | 9807 0000 | 7407 48c7 | c6a8 0700 | 0048 8b3c 
  0x0000016b1c467d30: 3248 8d7f | 0148 893c | 3248 899c | 24d0 0000 | 000f 84e5 | 0900 0048 | 8b94 24a8 | 0000 0044 
  0x0000016b1c467d50: 8b4a 184c | 898c 2438 

  0x0000016b1c467d58: ;   {metadata('java/lang/StringBuilder')}
  0x0000016b1c467d58: 0100 0048 | ba40 8000 | 306b 0100 | 0049 8b87 | b801 0000 | 488d 7818 | 493b bfc8 | 0100 000f 
  0x0000016b1c467d78: 8773 1d00 | 0049 89bf | b801 0000 | 48c7 0001 | 0000 0048 | 8bca 49ba | 0000 0030 | 6b01 0000 
  0x0000016b1c467d98: 492b ca89 | 4808 4833 | c989 480c | 4833 c948 | 8948 104c 

  0x0000016b1c467dac: ;   {metadata(method data for {method} {0x0000016b7358c878} 'findClass0' '(Ljava/lang/String;ZZ)Ljava/lang/Class;' in 'org/eclipse/osgi/internal/loader/BundleLoader')}
  0x0000016b1c467dac: 8bc0 48ba | 7896 8473 | 6b01 0000 | 4883 82b8 | 0700 0001 

  0x0000016b1c467dc0: ;   {metadata(method data for {method} {0x0000016b30461da8} '<init>' '(Ljava/lang/String;)V' in 'java/lang/StringBuilder')}
  0x0000016b1c467dc0: 49b8 5050 | 3073 6b01 | 0000 418b | 90cc 0000 | 0083 c202 | 4189 90cc | 0000 0081 | e2fe ff1f 
  0x0000016b1c467de0: 0085 d20f | 8414 1d00 | 004c 8bc0 

  0x0000016b1c467dec: ;   {metadata(method data for {method} {0x0000016b30461da8} '<init>' '(Ljava/lang/String;)V' in 'java/lang/StringBuilder')}
  0x0000016b1c467dec: 48ba 5050 | 3073 6b01 | 0000 4883 | 8210 0100 

  0x0000016b1c467dfc: ;   {oop("BundleLoader["{0x00000000802877e8})}
  0x0000016b1c467dfc: 0001 49b8 | e877 2880 | 0000 0000 | 488b d048 | 8984 2428 | 0100 000f 

  0x0000016b1c467e14: ;   {optimized virtual_call}
  0x0000016b1c467e14: 1f40 00e8 

  0x0000016b1c467e18: ; ImmutableOopMap {[160]=Oop [168]=Oop [184]=Oop [208]=Oop [296]=Oop [304]=Oop [312]=Oop }
                      ;*invokespecial <init> {reexecute=0 rethrow=0 return_oop=0}
                      ; - java.lang.StringBuilder::<init>@2
                      ; - org.eclipse.osgi.internal.loader.BundleLoader::findClass0@288 (line 520)
  0x0000016b1c467e18: 6469 0f07 

  0x0000016b1c467e1c: ;   {other}
  0x0000016b1c467e1c: 0f1f 8400 | 8c2f 0023 | 488b 8424 | 2801 0000 

  0x0000016b1c467e2c: ;   {metadata(method data for {method} {0x0000016b7358c878} 'findClass0' '(Ljava/lang/String;ZZ)Ljava/lang/Class;' in 'org/eclipse/osgi/internal/loader/BundleLoader')}
  0x0000016b1c467e2c: 48ba 7896 | 8473 6b01 | 0000 4883 | 82c8 0700 

  0x0000016b1c467e3c: ;   {metadata(method data for {method} {0x0000016b30461b40} 'append' '(Ljava/lang/Object;)Ljava/lang/StringBuilder;' in 'java/lang/StringBuilder')}
  0x0000016b1c467e3c: 0001 48ba | 6812 0f73 | 6b01 0000 | 8bb2 cc00 | 0000 83c6 | 0289 b2cc | 0000 0081 | e6fe ff1f 
  0x0000016b1c467e5c: 0085 f60f | 84b9 1c00 

  0x0000016b1c467e64: ;   {metadata(method data for {method} {0x0000016b30461b40} 'append' '(Ljava/lang/Object;)Ljava/lang/StringBuilder;' in 'java/lang/StringBuilder')}
  0x0000016b1c467e64: 0048 ba68 | 120f 736b | 0100 0048 | 8382 1001 

  0x0000016b1c467e74: ;   {metadata(method data for {method} {0x0000016b30455280} 'valueOf' '(Ljava/lang/Object;)Ljava/lang/String;' in 'java/lang/String')}
  0x0000016b1c467e74: 0000 0148 | ba08 140f | 736b 0100 | 008b b2cc | 0000 0083 | c602 89b2 | cc00 0000 | 81e6 feff 
  0x0000016b1c467e94: 1f00 85f6 | 0f84 a11c 

  0x0000016b1c467e9c: ;   {metadata(method data for {method} {0x0000016b30455280} 'valueOf' '(Ljava/lang/Object;)Ljava/lang/String;' in 'java/lang/String')}
  0x0000016b1c467e9c: 0000 48ba | 0814 0f73 | 6b01 0000 | ff82 1001 | 0000 488b | 9424 a800 

  0x0000016b1c467eb4: ;   {metadata(method data for {method} {0x0000016b30455280} 'valueOf' '(Ljava/lang/Object;)Ljava/lang/String;' in 'java/lang/String')}
  0x0000016b1c467eb4: 0000 48be | 0814 0f73 | 6b01 0000 | 8b52 0849 | ba00 0000 | 306b 0100 | 0049 03d2 | 483b 9658 
  0x0000016b1c467ed4: 0100 0075 | 0d48 8386 | 6001 0000 | 01e9 6000 | 0000 483b | 9668 0100 | 0075 0d48 | 8386 7001 
  0x0000016b1c467ef4: 0000 01e9 | 4a00 0000 | 4883 be58 | 0100 0000 | 7517 4889 | 9658 0100 | 0048 c786 | 6001 0000 
  0x0000016b1c467f14: 0100 0000 | e929 0000 | 0048 83be | 6801 0000 | 0075 1748 | 8996 6801 | 0000 48c7 | 8670 0100 
  0x0000016b1c467f34: 0001 0000 | 00e9 0800 | 0000 4883 | 8648 0100 | 0001 488b | 9424 a800 

  0x0000016b1c467f4c: ;   {optimized virtual_call}
  0x0000016b1c467f4c: 0000 90e8 

  0x0000016b1c467f50: ; ImmutableOopMap {[160]=Oop [168]=Oop [184]=Oop [208]=Oop [296]=Oop [304]=Oop [312]=Oop }
                      ;*invokevirtual toString {reexecute=0 rethrow=0 return_oop=0}
                      ; - java.lang.String::valueOf@11
                      ; - java.lang.StringBuilder::append@2
                      ; - org.eclipse.osgi.internal.loader.BundleLoader::findClass0@292 (line 520)
  0x0000016b1c467f50: 2c68 0f07 

  0x0000016b1c467f54: ;   {other}
  0x0000016b1c467f54: 0f1f 8400 | c430 0024 | 4c8b 8424 | 2801 0000 

  0x0000016b1c467f64: ;   {metadata(method data for {method} {0x0000016b30461b40} 'append' '(Ljava/lang/Object;)Ljava/lang/StringBuilder;' in 'java/lang/StringBuilder')}
  0x0000016b1c467f64: 48ba 6812 | 0f73 6b01 | 0000 4883 | 8220 0100 

  0x0000016b1c467f74: ;   {metadata(method data for {method} {0x0000016b30461ae8} 'append' '(Ljava/lang/String;)Ljava/lang/StringBuilder;' in 'java/lang/StringBuilder')}
  0x0000016b1c467f74: 0001 49b8 | 98ba 0073 | 6b01 0000 | 418b 90cc | 0000 0083 | c202 4189 | 90cc 0000 | 0081 e2fe 
  0x0000016b1c467f94: ff1f 0085 | d20f 84c1 | 1b00 004c | 8b84 2428 

  0x0000016b1c467fa4: ;   {metadata(method data for {method} {0x0000016b30461ae8} 'append' '(Ljava/lang/String;)Ljava/lang/StringBuilder;' in 'java/lang/StringBuilder')}
  0x0000016b1c467fa4: 0100 0048 | ba98 ba00 | 736b 0100 | 0048 8382 | 1001 0000 | 014c 8bc0 | 488b 9424 | 2801 0000 
  0x0000016b1c467fc4: ;   {optimized virtual_call}
  0x0000016b1c467fc4: 6666 90e8 

  0x0000016b1c467fc8: ; ImmutableOopMap {[160]=Oop [168]=Oop [184]=Oop [208]=Oop [296]=Oop [304]=Oop [312]=Oop }
                      ;*invokespecial append {reexecute=0 rethrow=0 return_oop=0}
                      ; - java.lang.StringBuilder::append@2
                      ; - java.lang.StringBuilder::append@5
                      ; - org.eclipse.osgi.internal.loader.BundleLoader::findClass0@292 (line 520)
  0x0000016b1c467fc8: b467 0f07 

  0x0000016b1c467fcc: ;   {other}
  0x0000016b1c467fcc: 0f1f 8400 | 3c31 0025 | 4c8b 8424 | 2801 0000 

  0x0000016b1c467fdc: ;   {metadata(method data for {method} {0x0000016b7358c878} 'findClass0' '(Ljava/lang/String;ZZ)Ljava/lang/Class;' in 'org/eclipse/osgi/internal/loader/BundleLoader')}
  0x0000016b1c467fdc: 48ba 7896 | 8473 6b01 | 0000 4883 | 8200 0800 

  0x0000016b1c467fec: ;   {metadata(method data for {method} {0x0000016b30461ae8} 'append' '(Ljava/lang/String;)Ljava/lang/StringBuilder;' in 'java/lang/StringBuilder')}
  0x0000016b1c467fec: 0001 49b8 | 98ba 0073 | 6b01 0000 | 418b 90cc | 0000 0083 | c202 4189 | 90cc 0000 | 0081 e2fe 
  0x0000016b1c46800c: ff1f 0085 | d20f 846a | 1b00 004c | 8b84 2428 

  0x0000016b1c46801c: ;   {metadata(method data for {method} {0x0000016b30461ae8} 'append' '(Ljava/lang/String;)Ljava/lang/StringBuilder;' in 'java/lang/StringBuilder')}
  0x0000016b1c46801c: 0100 0048 | ba98 ba00 | 736b 0100 | 0048 8382 | 1001 0000 

  0x0000016b1c468030: ;   {oop("] loading from required bundle package: "{0x00000000d5820698})}
  0x0000016b1c468030: 0149 b898 | 0682 d500 | 0000 0048 | 8b94 2428 | 0100 000f 

  0x0000016b1c468044: ;   {optimized virtual_call}
  0x0000016b1c468044: 1f40 00e8 

  0x0000016b1c468048: ; ImmutableOopMap {[160]=Oop [168]=Oop [184]=Oop [208]=Oop [296]=Oop [304]=Oop [312]=Oop }
                      ;*invokespecial append {reexecute=0 rethrow=0 return_oop=0}
                      ; - java.lang.StringBuilder::append@2
                      ; - org.eclipse.osgi.internal.loader.BundleLoader::findClass0@298 (line 520)
  0x0000016b1c468048: 3467 0f07 

  0x0000016b1c46804c: ;   {other}
  0x0000016b1c46804c: 0f1f 8400 | bc31 0026 | 488b 8424 | 2801 0000 

  0x0000016b1c46805c: ;   {metadata(method data for {method} {0x0000016b7358c878} 'findClass0' '(Ljava/lang/String;ZZ)Ljava/lang/Class;' in 'org/eclipse/osgi/internal/loader/BundleLoader')}
  0x0000016b1c46805c: 48ba 7896 | 8473 6b01 | 0000 4883 | 8238 0800 

  0x0000016b1c46806c: ;   {metadata(method data for {method} {0x0000016b30461b40} 'append' '(Ljava/lang/Object;)Ljava/lang/StringBuilder;' in 'java/lang/StringBuilder')}
  0x0000016b1c46806c: 0001 48ba | 6812 0f73 | 6b01 0000 | 8bb2 cc00 | 0000 83c6 | 0289 b2cc | 0000 0081 | e6fe ff1f 
  0x0000016b1c46808c: 0085 f60f | 840d 1b00 

  0x0000016b1c468094: ;   {metadata(method data for {method} {0x0000016b30461b40} 'append' '(Ljava/lang/Object;)Ljava/lang/StringBuilder;' in 'java/lang/StringBuilder')}
  0x0000016b1c468094: 0048 ba68 | 120f 736b | 0100 0048 | 8382 1001 

  0x0000016b1c4680a4: ;   {metadata(method data for {method} {0x0000016b30455280} 'valueOf' '(Ljava/lang/Object;)Ljava/lang/String;' in 'java/lang/String')}
  0x0000016b1c4680a4: 0000 0148 | ba08 140f | 736b 0100 | 008b b2cc | 0000 0083 | c602 89b2 | cc00 0000 | 81e6 feff 
  0x0000016b1c4680c4: 1f00 85f6 | 0f84 f51a | 0000 488b | 8424 3001 | 0000 4885 

  0x0000016b1c4680d8: ;   {metadata(method data for {method} {0x0000016b30455280} 'valueOf' '(Ljava/lang/Object;)Ljava/lang/String;' in 'java/lang/String')}
  0x0000016b1c4680d8: c048 ba08 | 140f 736b | 0100 0048 | c7c6 1001 | 0000 7507 | 48c7 c620 | 0100 0048 | 8b3c 3248 
  0x0000016b1c4680f8: 8d7f 0148 | 893c 320f | 851f 0000 

  0x0000016b1c468104: ;   {metadata(method data for {method} {0x0000016b30455280} 'valueOf' '(Ljava/lang/Object;)Ljava/lang/String;' in 'java/lang/String')}
  0x0000016b1c468104: 0048 ba08 | 140f 736b | 0100 00ff | 8230 0100 

  0x0000016b1c468114: ;   {oop("null"{0x0000000080000ef8})}
  0x0000016b1c468114: 0048 bef8 | 0e00 8000 | 0000 00e9 | ab00 0000 

  0x0000016b1c468124: ; implicit exception: dispatches to 0x0000016b1c469be4
  0x0000016b1c468124: 483b 0048 

  0x0000016b1c468128: ;   {metadata(method data for {method} {0x0000016b30455280} 'valueOf' '(Ljava/lang/Object;)Ljava/lang/String;' in 'java/lang/String')}
  0x0000016b1c468128: 8bd0 48be | 0814 0f73 | 6b01 0000 | 8b52 0849 | ba00 0000 | 306b 0100 | 0049 03d2 | 483b 9658 
  0x0000016b1c468148: 0100 0075 | 0d48 8386 | 6001 0000 | 01e9 6000 | 0000 483b | 9668 0100 | 0075 0d48 | 8386 7001 
  0x0000016b1c468168: 0000 01e9 | 4a00 0000 | 4883 be58 | 0100 0000 | 7517 4889 | 9658 0100 | 0048 c786 | 6001 0000 
  0x0000016b1c468188: 0100 0000 | e929 0000 | 0048 83be | 6801 0000 | 0075 1748 | 8996 6801 | 0000 48c7 | 8670 0100 
  0x0000016b1c4681a8: 0001 0000 | 00e9 0800 | 0000 4883 | 8648 0100 | 0001 488b 

  0x0000016b1c4681bc: ;   {optimized virtual_call}
  0x0000016b1c4681bc: d066 90e8 

  0x0000016b1c4681c0: ; ImmutableOopMap {[160]=Oop [168]=Oop [184]=Oop [208]=Oop [296]=Oop [304]=Oop [312]=Oop }
                      ;*invokevirtual toString {reexecute=0 rethrow=0 return_oop=0}
                      ; - java.lang.String::valueOf@11
                      ; - java.lang.StringBuilder::append@2
                      ; - org.eclipse.osgi.internal.loader.BundleLoader::findClass0@303 (line 520)
  0x0000016b1c4681c0: bc65 0f07 

  0x0000016b1c4681c4: ;   {other}
  0x0000016b1c4681c4: 0f1f 8400 | 3433 0027 | 488b f048 | 8b84 2428 

  0x0000016b1c4681d4: ;   {metadata(method data for {method} {0x0000016b30461b40} 'append' '(Ljava/lang/Object;)Ljava/lang/StringBuilder;' in 'java/lang/StringBuilder')}
  0x0000016b1c4681d4: 0100 0049 | b868 120f | 736b 0100 | 0049 8380 | 2001 0000 

  0x0000016b1c4681e8: ;   {metadata(method data for {method} {0x0000016b30461ae8} 'append' '(Ljava/lang/String;)Ljava/lang/StringBuilder;' in 'java/lang/StringBuilder')}
  0x0000016b1c4681e8: 0149 b898 | ba00 736b | 0100 0041 | 8b90 cc00 | 0000 83c2 | 0241 8990 | cc00 0000 | 81e2 feff 
  0x0000016b1c468208: 1f00 85d2 | 0f84 d719 | 0000 488b | 8424 2801 

  0x0000016b1c468218: ;   {metadata(method data for {method} {0x0000016b30461ae8} 'append' '(Ljava/lang/String;)Ljava/lang/StringBuilder;' in 'java/lang/StringBuilder')}
  0x0000016b1c468218: 0000 49b8 | 98ba 0073 | 6b01 0000 | 4983 8010 | 0100 0001 | 4c8b c648 | 8b94 2428 

  0x0000016b1c468234: ;   {optimized virtual_call}
  0x0000016b1c468234: 0100 00e8 

  0x0000016b1c468238: ; ImmutableOopMap {[160]=Oop [168]=Oop [184]=Oop [208]=Oop [296]=Oop [304]=Oop [312]=Oop }
                      ;*invokespecial append {reexecute=0 rethrow=0 return_oop=0}
                      ; - java.lang.StringBuilder::append@2
                      ; - java.lang.StringBuilder::append@5
                      ; - org.eclipse.osgi.internal.loader.BundleLoader::findClass0@303 (line 520)
  0x0000016b1c468238: 4465 0f07 

  0x0000016b1c46823c: ;   {other}
  0x0000016b1c46823c: 0f1f 8400 | ac33 0028 | 4c8b 8424 | 2801 0000 

  0x0000016b1c46824c: ;   {metadata(method data for {method} {0x0000016b7358c878} 'findClass0' '(Ljava/lang/String;ZZ)Ljava/lang/Class;' in 'org/eclipse/osgi/internal/loader/BundleLoader')}
  0x0000016b1c46824c: 498b c048 | ba78 9684 | 736b 0100 | 0048 8382 | 7008 0000 

  0x0000016b1c468260: ;   {metadata(method data for {method} {0x0000016b30008958} 'toString' '()Ljava/lang/String;' in 'java/lang/StringBuilder')}
  0x0000016b1c468260: 0148 bac0 | c100 736b | 0100 008b | b2cc 0000 | 0083 c602 | 89b2 cc00 | 0000 81e6 | feff 1f00 
  0x0000016b1c468280: 85f6 0f84 | 8219 0000 

  0x0000016b1c468288: ;   {metadata('java/lang/String')}
  0x0000016b1c468288: 48ba 78e8 | 0030 6b01 | 0000 498b | 87b8 0100 | 0048 8d78 | 1849 3bbf | c801 0000 | 0f87 8119 
  0x0000016b1c4682a8: 0000 4989 | bfb8 0100 | 0048 c700 | 0100 0000 | 488b ca49 | ba00 0000 | 306b 0100 | 0049 2bca 
  0x0000016b1c4682c8: 8948 0848 | 33c9 8948 | 0c48 33c9 | 4889 4810 

  0x0000016b1c4682d8: ;   {metadata(method data for {method} {0x0000016b30008958} 'toString' '()Ljava/lang/String;' in 'java/lang/StringBuilder')}
  0x0000016b1c4682d8: 488b d048 | bec0 c100 | 736b 0100 | 0048 8386 | 1001 0000 

  0x0000016b1c4682ec: ;   {metadata(method data for {method} {0x0000016b30455dd8} '<init>' '(Ljava/lang/StringBuilder;)V' in 'java/lang/String')}
  0x0000016b1c4682ec: 0148 ba08 | c300 736b | 0100 008b | b2cc 0000 | 0083 c602 | 89b2 cc00 | 0000 81e6 | feff 1f00 
  0x0000016b1c46830c: 85f6 0f84 | 2419 0000 

  0x0000016b1c468314: ;   {metadata(method data for {method} {0x0000016b30455dd8} '<init>' '(Ljava/lang/StringBuilder;)V' in 'java/lang/String')}
  0x0000016b1c468314: 488b d048 | be08 c300 | 736b 0100 | 0048 8386 | 1001 0000 

  0x0000016b1c468328: ;   {oop(nullptr)}
  0x0000016b1c468328: 0149 b900 | 0000 0000 | 0000 0048 | 8bd0 4889 | 8424 4001 

  0x0000016b1c46833c: ;   {optimized virtual_call}
  0x0000016b1c46833c: 0000 90e8 

  0x0000016b1c468340: ; ImmutableOopMap {[160]=Oop [168]=Oop [184]=Oop [208]=Oop [304]=Oop [312]=Oop [320]=Oop }
                      ;*invokespecial <init> {reexecute=0 rethrow=0 return_oop=0}
                      ; - java.lang.String::<init>@3
                      ; - java.lang.StringBuilder::toString@5
                      ; - org.eclipse.osgi.internal.loader.BundleLoader::findClass0@306 (line 520)
  0x0000016b1c468340: 3c64 0f07 

  0x0000016b1c468344: ;   {other}
  0x0000016b1c468344: 0f1f 8400 | b434 0029 | 4c8b 8c24 | 3801 0000 

  0x0000016b1c468354: ; implicit exception: dispatches to 0x0000016b1c469c59
  0x0000016b1c468354: 493b 014d 

  0x0000016b1c468358: ;   {metadata(method data for {method} {0x0000016b7358c878} 'findClass0' '(Ljava/lang/String;ZZ)Ljava/lang/Class;' in 'org/eclipse/osgi/internal/loader/BundleLoader')}
  0x0000016b1c468358: 8bc1 48ba | 7896 8473 | 6b01 0000 

  0x0000016b1c468364: ;   {metadata('org/eclipse/osgi/internal/debug/Debug')}
  0x0000016b1c468364: 49ba 8009 | 0931 6b01 | 0000 4c89 | 92b8 0800 | 0048 8382 | c008 0000 

  0x0000016b1c46837c: ;   {metadata(method data for {method} {0x0000016b734e5400} 'trace' '(Ljava/lang/String;Ljava/lang/String;)V' in 'org/eclipse/osgi/internal/debug/Debug')}
  0x0000016b1c46837c: 0149 b8a0 | 3a81 736b | 0100 0041 | 8b90 cc00 | 0000 83c2 | 0241 8990 | cc00 0000 | 81e2 feff 
  0x0000016b1c46839c: 1f00 85d2 | 0f84 b818 | 0000 418b | 5124 4885 

  0x0000016b1c4683ac: ;   {metadata(method data for {method} {0x0000016b734e5400} 'trace' '(Ljava/lang/String;Ljava/lang/String;)V' in 'org/eclipse/osgi/internal/debug/Debug')}
  0x0000016b1c4683ac: d249 b8a0 | 3a81 736b | 0100 0049 | c7c1 1001 | 0000 7407 | 49c7 c120 | 0100 004b | 8b34 0848 
  0x0000016b1c4683cc: 8d76 014b | 8934 080f | 84f9 0200 | 0048 85d2 | 0f84 2900 

  0x0000016b1c4683e0: ;   {metadata('org/eclipse/osgi/internal/log/ExtendedLogServiceImpl')}
  0x0000016b1c4683e0: 0000 48bf | 4056 0931 | 6b01 0000 | 8b72 0849 | ba00 0000 | 306b 0100 | 0049 03f2 | 483b 7e38 
  0x0000016b1c468400: 0f85 7918 | 0000 e900 | 0000 004c | 8bc2 483b | 024c 8bc2 

  0x0000016b1c468414: ;   {metadata(method data for {method} {0x0000016b734e5400} 'trace' '(Ljava/lang/String;Ljava/lang/String;)V' in 'org/eclipse/osgi/internal/debug/Debug')}
  0x0000016b1c468414: 49b9 a03a | 8173 6b01 

  0x0000016b1c46841c: ;   {metadata('org/eclipse/osgi/internal/log/ExtendedLogServiceImpl')}
  0x0000016b1c46841c: 0000 49ba | 4056 0931 | 6b01 0000 | 4d89 9140 | 0100 0049 | 8381 4801 

  0x0000016b1c468434: ;   {metadata(method data for {method} {0x0000016b7350ca90} 'getLogger' '(Ljava/lang/String;)Lorg/osgi/service/log/Logger;' in 'org/eclipse/osgi/internal/log/ExtendedLogServiceImpl')}
  0x0000016b1c468434: 0000 0149 | b8e0 3c81 | 736b 0100 | 0045 8b88 | cc00 0000 | 4183 c102 | 4589 88cc | 0000 0041 
  0x0000016b1c468454: 81e1 feff | 1f00 4585 | c90f 8426 | 1800 004c 

  0x0000016b1c468464: ;   {metadata(method data for {method} {0x0000016b7350ca90} 'getLogger' '(Ljava/lang/String;)Lorg/osgi/service/log/Logger;' in 'org/eclipse/osgi/internal/log/ExtendedLogServiceImpl')}
  0x0000016b1c468464: 8bc2 49b9 | e03c 8173 | 6b01 0000 

  0x0000016b1c468470: ;   {metadata('org/eclipse/osgi/internal/log/ExtendedLogServiceImpl')}
  0x0000016b1c468470: 49ba 4056 | 0931 6b01 | 0000 4d89 | 9120 0100 | 0049 8381 | 2801 0000 

  0x0000016b1c468488: ;   {metadata(method data for {method} {0x0000016b7350a318} 'getLogger' '(Ljava/lang/String;)Lorg/eclipse/equinox/log/Logger;' in 'org/eclipse/osgi/internal/log/ExtendedLogServiceImpl')}
  0x0000016b1c468488: 0149 b800 | 8082 736b | 0100 0045 | 8b88 cc00 | 0000 4183 | c102 4589 | 88cc 0000 | 0041 81e1 
  0x0000016b1c4684a8: feff 1f00 | 4585 c90f | 84f5 1700 | 004c 8bc2 

  0x0000016b1c4684b8: ;   {metadata(method data for {method} {0x0000016b7350a318} 'getLogger' '(Ljava/lang/String;)Lorg/eclipse/equinox/log/Logger;' in 'org/eclipse/osgi/internal/log/ExtendedLogServiceImpl')}
  0x0000016b1c4684b8: 49b9 0080 | 8273 6b01 

  0x0000016b1c4684c0: ;   {metadata('org/eclipse/osgi/internal/log/ExtendedLogServiceImpl')}
  0x0000016b1c4684c0: 0000 49ba | 4056 0931 | 6b01 0000 | 4d89 9120 | 0100 0049 | 8381 2801 | 0000 014c | 8b84 24d0 
  0x0000016b1c4684e0: ;   {oop(a 'java/lang/Class'{0x0000000080287450} = 'org/osgi/service/log/Logger')}
  0x0000016b1c4684e0: 0000 0049 | b950 7428 | 8000 0000 

  0x0000016b1c4684ec: ;   {optimized virtual_call}
  0x0000016b1c4684ec: 0066 90e8 

  0x0000016b1c4684f0: ; ImmutableOopMap {[160]=Oop [168]=Oop [184]=Oop [208]=Oop [304]=Oop [320]=Oop }
                      ;*invokevirtual getLogger {reexecute=0 rethrow=0 return_oop=0}
                      ; - org.eclipse.osgi.internal.log.ExtendedLogServiceImpl::getLogger@4 (line 73)
                      ; - org.eclipse.osgi.internal.log.ExtendedLogServiceImpl::getLogger@2 (line 1)
                      ; - org.eclipse.osgi.internal.debug.Debug::trace@11 (line 265)
                      ; - org.eclipse.osgi.internal.loader.BundleLoader::findClass0@309 (line 519)
  0x0000016b1c4684f0: 8c62 0f07 

  0x0000016b1c4684f4: ;   {other}
  0x0000016b1c4684f4: 0f1f 8400 | 6436 002a | 4885 c075 

  0x0000016b1c468500: ;   {metadata(method data for {method} {0x0000016b7350a318} 'getLogger' '(Ljava/lang/String;)Lorg/eclipse/equinox/log/Logger;' in 'org/eclipse/osgi/internal/log/ExtendedLogServiceImpl')}
  0x0000016b1c468500: 1648 be00 | 8082 736b | 0100 0080 | 8e41 0100 | 0001 e9e7 

  0x0000016b1c468514: ;   {metadata('org/eclipse/equinox/log/Logger')}
  0x0000016b1c468514: 0000 0048 | bff8 2909 | 316b 0100 | 008b 7008 | 49ba 0000 | 0030 6b01 | 0000 4903 | f248 3b7e 
  0x0000016b1c468534: 200f 841a | 0000 0048 | 3bf7 0f84 | 1100 0000 

  0x0000016b1c468544: ;   {runtime_call slow_subtype_check Runtime1 stub}
  0x0000016b1c468544: 5657 e835 | 7a1a 075e | 5e85 f60f | 848d 0000 

  0x0000016b1c468554: ;   {metadata(method data for {method} {0x0000016b7350a318} 'getLogger' '(Ljava/lang/String;)Lorg/eclipse/equinox/log/Logger;' in 'org/eclipse/osgi/internal/log/ExtendedLogServiceImpl')}
  0x0000016b1c468554: 0048 be00 | 8082 736b | 0100 008b | 7808 49ba | 0000 0030 | 6b01 0000 | 4903 fa48 | 3bbe 5801 
  0x0000016b1c468574: 0000 750d | 4883 8660 | 0100 0001 | e979 0000 | 0048 3bbe | 6801 0000 | 750d 4883 | 8670 0100 
  0x0000016b1c468594: 0001 e963 | 0000 0048 | 83be 5801 | 0000 0075 | 1748 89be | 5801 0000 | 48c7 8660 | 0100 0001 
  0x0000016b1c4685b4: 0000 00e9 | 4200 0000 | 4883 be68 | 0100 0000 | 7517 4889 | be68 0100 | 0048 c786 | 7001 0000 
  0x0000016b1c4685d4: 0100 0000 | e921 0000 | 00e9 1c00 

  0x0000016b1c4685e0: ;   {metadata(method data for {method} {0x0000016b7350a318} 'getLogger' '(Ljava/lang/String;)Lorg/eclipse/equinox/log/Logger;' in 'org/eclipse/osgi/internal/log/ExtendedLogServiceImpl')}
  0x0000016b1c4685e0: 0000 48be | 0080 8273 | 6b01 0000 | 4883 ae48 | 0100 0001 | e9d2 1600 | 00e9 0000 | 0000 488b 
  0x0000016b1c468600: d048 3b02 

  0x0000016b1c468604: ;   {metadata(method data for {method} {0x0000016b734e5400} 'trace' '(Ljava/lang/String;Ljava/lang/String;)V' in 'org/eclipse/osgi/internal/debug/Debug')}
  0x0000016b1c468604: 4c8b c248 | bea0 3a81 | 736b 0100 | 0045 8b40 | 0849 ba00 | 0000 306b | 0100 004d | 03c2 4c3b 
  0x0000016b1c468624: 8678 0100 | 0075 0d48 | 8386 8001 | 0000 01e9 | 6000 0000 | 4c3b 8688 | 0100 0075 | 0d48 8386 
  0x0000016b1c468644: 9001 0000 | 01e9 4a00 | 0000 4883 | be78 0100 | 0000 7517 | 4c89 8678 | 0100 0048 | c786 8001 
  0x0000016b1c468664: 0000 0100 | 0000 e929 | 0000 0048 | 83be 8801 | 0000 0075 | 174c 8986 | 8801 0000 | 48c7 8690 
  0x0000016b1c468684: 0100 0001 | 0000 00e9 | 0800 0000 | 4883 8668 | 0100 0001 | 4c8b 8424 | 4001 0000 | 0f1f 4400 
  0x0000016b1c4686a4: 0048 b8ff | ffff ffff 

  0x0000016b1c4686ac: ;   {virtual_call}
  0x0000016b1c4686ac: ffff ffe8 

  0x0000016b1c4686b0: ; ImmutableOopMap {[160]=Oop [168]=Oop [184]=Oop [208]=Oop [304]=Oop }
                      ;*invokeinterface debug {reexecute=0 rethrow=0 return_oop=0}
                      ; - org.eclipse.osgi.internal.debug.Debug::trace@17 (line 265)
                      ; - org.eclipse.osgi.internal.loader.BundleLoader::findClass0@309 (line 519)
  0x0000016b1c4686b0: cc63 0f07 

  0x0000016b1c4686b4: ;   {other}
  0x0000016b1c4686b4: 0f1f 8400 | 2438 002b 

  0x0000016b1c4686bc: ;   {metadata(method data for {method} {0x0000016b734e5400} 'trace' '(Ljava/lang/String;Ljava/lang/String;)V' in 'org/eclipse/osgi/internal/debug/Debug')}
  0x0000016b1c4686bc: 49b8 a03a | 8173 6b01 | 0000 41ff | 80a0 0100 | 00e9 5200 | 0000 488b | 8424 4001 

  0x0000016b1c4686d8: ;   {oop(a 'java/lang/Class'{0x00000000802874c8} = 'org/eclipse/osgi/internal/debug/Debug')}
  0x0000016b1c4686d8: 0000 49b8 | c874 2880 | 0000 0000 | 418b 90d0 | 0000 0048 | 3b02 4c8b 

  0x0000016b1c4686f0: ;   {metadata(method data for {method} {0x0000016b734e5400} 'trace' '(Ljava/lang/String;Ljava/lang/String;)V' in 'org/eclipse/osgi/internal/debug/Debug')}
  0x0000016b1c4686f0: c248 bea0 | 3a81 736b 

  0x0000016b1c4686f8: ;   {metadata('java/io/PrintStream')}
  0x0000016b1c4686f8: 0100 0049 | bac8 a300 | 306b 0100 | 004c 8996 | c801 0000 | 4883 86d0 | 0100 0001 

  0x0000016b1c468714: ;   {optimized virtual_call}
  0x0000016b1c468714: 4c8b c0e8 

  0x0000016b1c468718: ; ImmutableOopMap {[160]=Oop [168]=Oop [184]=Oop [208]=Oop [304]=Oop }
                      ;*invokevirtual println {reexecute=0 rethrow=0 return_oop=0}
                      ; - org.eclipse.osgi.internal.debug.Debug::trace@29 (line 267)
                      ; - org.eclipse.osgi.internal.loader.BundleLoader::findClass0@309 (line 519)
  0x0000016b1c468718: 6460 0f07 

  0x0000016b1c46871c: ;   {other}
  0x0000016b1c46871c: 0f1f 8400 | 8c38 002c | 488b 8424 | 3001 0000 

  0x0000016b1c46872c: ; implicit exception: dispatches to 0x0000016b1c469cde
  0x0000016b1c46872c: 483b 004c 

  0x0000016b1c468730: ;   {metadata(method data for {method} {0x0000016b7358c878} 'findClass0' '(Ljava/lang/String;ZZ)Ljava/lang/Class;' in 'org/eclipse/osgi/internal/loader/BundleLoader')}
  0x0000016b1c468730: 8bc0 48ba | 7896 8473 | 6b01 0000 | 458b 4008 | 49ba 0000 | 0030 6b01 | 0000 4d03 | c24c 3b82 
  0x0000016b1c468750: f008 0000 | 750d 4883 | 82f8 0800 | 0001 e960 | 0000 004c | 3b82 0009 | 0000 750d | 4883 8208 
  0x0000016b1c468770: 0900 0001 | e94a 0000 | 0048 83ba | f008 0000 | 0075 174c | 8982 f008 | 0000 48c7 | 82f8 0800 
  0x0000016b1c468790: 0001 0000 | 00e9 2900 | 0000 4883 | ba00 0900 | 0000 7517 | 4c89 8200 | 0900 0048 | c782 0809 
  0x0000016b1c4687b0: 0000 0100 | 0000 e908 | 0000 0048 | 8382 e008 | 0000 014c | 8b84 24a0 | 0000 0048 | 8bd0 0f1f 
  0x0000016b1c4687d0: 8000 0000 | 0048 b8ff | ffff ffff 

  0x0000016b1c4687dc: ;   {virtual_call}
  0x0000016b1c4687dc: ffff ffe8 

  0x0000016b1c4687e0: ; ImmutableOopMap {[160]=Oop [168]=Oop [184]=Oop [208]=Oop [304]=Oop }
                      ;*invokevirtual loadClass {reexecute=0 rethrow=0 return_oop=0}
                      ; - org.eclipse.osgi.internal.loader.BundleLoader::findClass0@315 (line 523)
  0x0000016b1c4687e0: bc30 0f07 

  0x0000016b1c4687e4: ;   {other}
  0x0000016b1c4687e4: 0f1f 8400 | 5439 002d | 488b f048 

  0x0000016b1c4687f0: ;   {metadata(method data for {method} {0x0000016b7358c878} 'findClass0' '(Ljava/lang/String;ZZ)Ljava/lang/Class;' in 'org/eclipse/osgi/internal/loader/BundleLoader')}
  0x0000016b1c4687f0: 85f6 49b8 | 7896 8473 | 6b01 0000 | 48c7 c218 | 0900 0075 | 0748 c7c2 | 2809 0000 | 498b 3c10 
  0x0000016b1c468810: 488d 7f01 | 4989 3c10 | 0f85 c900 | 0000 488b | 9424 a800 

  0x0000016b1c468824: ;   {metadata(method data for {method} {0x0000016b7358c878} 'findClass0' '(Ljava/lang/String;ZZ)Ljava/lang/Class;' in 'org/eclipse/osgi/internal/loader/BundleLoader')}
  0x0000016b1c468824: 0000 49b8 | 7896 8473 | 6b01 0000 | 8b52 0849 | ba00 0000 | 306b 0100 | 0049 03d2 | 493b 9048 
  0x0000016b1c468844: 0900 0075 | 0d49 8380 | 5009 0000 | 01e9 6000 | 0000 493b | 9058 0900 | 0075 0d49 | 8380 6009 
  0x0000016b1c468864: 0000 01e9 | 4a00 0000 | 4983 b848 | 0900 0000 | 7517 4989 | 9048 0900 | 0049 c780 | 5009 0000 
  0x0000016b1c468884: 0100 0000 | e929 0000 | 0049 83b8 | 5809 0000 | 0075 1749 | 8990 5809 | 0000 49c7 | 8060 0900 
  0x0000016b1c4688a4: 0001 0000 | 00e9 0800 | 0000 4983 | 8038 0900 | 0001 4c8b | 8424 a000 | 0000 488b | 9424 a800 
  0x0000016b1c4688c4: 0000 0f1f | 8000 0000 | 0048 b8ff | ffff ffff 

  0x0000016b1c4688d4: ;   {virtual_call}
  0x0000016b1c4688d4: ffff ffe8 

  0x0000016b1c4688d8: ; ImmutableOopMap {[160]=Oop [168]=Oop [184]=Oop [208]=Oop [304]=Oop }
                      ;*invokevirtual findLocalClass {reexecute=0 rethrow=0 return_oop=0}
                      ; - org.eclipse.osgi.internal.loader.BundleLoader::findClass0@327 (line 527)
  0x0000016b1c4688d8: 0430 0f07 

  0x0000016b1c4688dc: ;   {other}
  0x0000016b1c4688dc: 0f1f 8400 | 4c3a 002e | 488b f048 

  0x0000016b1c4688e8: ;   {metadata(method data for {method} {0x0000016b7358c878} 'findClass0' '(Ljava/lang/String;ZZ)Ljava/lang/Class;' in 'org/eclipse/osgi/internal/loader/BundleLoader')}
  0x0000016b1c4688e8: 85f6 49b8 | 7896 8473 | 6b01 0000 | 48c7 c280 | 0900 0075 | 0748 c7c2 | 7009 0000 | 498b 3c10 
  0x0000016b1c468908: 488d 7f01 | 4989 3c10 | 0f85 5408 | 0000 488b | 8424 3001 | 0000 4885 

  0x0000016b1c468920: ;   {metadata(method data for {method} {0x0000016b7358c878} 'findClass0' '(Ljava/lang/String;ZZ)Ljava/lang/Class;' in 'org/eclipse/osgi/internal/loader/BundleLoader')}
  0x0000016b1c468920: c049 b878 | 9684 736b | 0100 0048 | c7c2 9009 | 0000 7507 | 48c7 c2a0 | 0900 0049 | 8b3c 1048 
  0x0000016b1c468940: 8d7f 0149 | 893c 100f | 857e 0000 | 0048 89b4 | 2448 0100 | 0048 8bb4 | 24b8 0000 | 0048 8b94 
  0x0000016b1c468960: 24a8 0000 

  0x0000016b1c468964: ;   {metadata(method data for {method} {0x0000016b7358c878} 'findClass0' '(Ljava/lang/String;ZZ)Ljava/lang/Class;' in 'org/eclipse/osgi/internal/loader/BundleLoader')}
  0x0000016b1c468964: 0049 b878 | 9684 736b | 0100 0049 | 8380 b009 | 0000 014c | 8bc6 488b | 9424 a800 | 0000 0f1f 
  0x0000016b1c468984: ;   {optimized virtual_call}
  0x0000016b1c468984: 4400 00e8 

  0x0000016b1c468988: ; ImmutableOopMap {[160]=Oop [168]=Oop [208]=Oop [328]=Oop }
                      ;*invokespecial findDynamicSource {reexecute=0 rethrow=0 return_oop=0}
                      ; - org.eclipse.osgi.internal.loader.BundleLoader::findClass0@348 (line 533)
  0x0000016b1c468988: 1c18 0000 

  0x0000016b1c46898c: ;   {other}
  0x0000016b1c46898c: 0f1f 8400 | fc3a 002f 

  0x0000016b1c468994: ;   {metadata(method data for {method} {0x0000016b7358c878} 'findClass0' '(Ljava/lang/String;ZZ)Ljava/lang/Class;' in 'org/eclipse/osgi/internal/loader/BundleLoader')}
  0x0000016b1c468994: 4885 c049 | b878 9684 | 736b 0100 | 0049 c7c1 | d009 0000 | 7507 49c7 | c1c0 0900 | 004b 8b14 
  0x0000016b1c4689b4: 0848 8d52 | 014b 8914 | 080f 8583 | 0100 0048 | 8bb4 2448 | 0100 0048 

  0x0000016b1c4689cc: ;   {metadata(method data for {method} {0x0000016b7358c878} 'findClass0' '(Ljava/lang/String;ZZ)Ljava/lang/Class;' in 'org/eclipse/osgi/internal/loader/BundleLoader')}
  0x0000016b1c4689cc: 85f6 49b8 | 7896 8473 | 6b01 0000 | 49c7 c148 | 0a00 0075 | 0749 c7c1 | 580a 0000 | 4b8b 1408 
  0x0000016b1c4689ec: 488d 5201 | 4b89 1408 | 0f85 7202 | 0000 4889 | b424 4801 | 0000 488b | 9424 a800 

  0x0000016b1c468a08: ;   {metadata(method data for {method} {0x0000016b7358c878} 'findClass0' '(Ljava/lang/String;ZZ)Ljava/lang/Class;' in 'org/eclipse/osgi/internal/loader/BundleLoader')}
  0x0000016b1c468a08: 0000 49b8 | 7896 8473 | 6b01 0000 | 4983 8068 | 0a00 0001 | 4c8b 8424 | a000 0000 | 41b9 0200 
  0x0000016b1c468a28: 0000 488b | 9424 a800 | 0000 0f1f 

  0x0000016b1c468a34: ;   {optimized virtual_call}
  0x0000016b1c468a34: 4400 00e8 

  0x0000016b1c468a38: ; ImmutableOopMap {[160]=Oop [168]=Oop [208]=Oop [328]=Oop }
                      ;*invokespecial searchHooks {reexecute=0 rethrow=0 return_oop=0}
                      ; - org.eclipse.osgi.internal.loader.BundleLoader::findClass0@391 (line 544)
  0x0000016b1c468a38: 0317 0000 

  0x0000016b1c468a3c: ;   {other}
  0x0000016b1c468a3c: 0f1f 8400 | ac3b 0030 | 4885 c075 

  0x0000016b1c468a48: ;   {metadata(method data for {method} {0x0000016b7358c878} 'findClass0' '(Ljava/lang/String;ZZ)Ljava/lang/Class;' in 'org/eclipse/osgi/internal/loader/BundleLoader')}
  0x0000016b1c468a48: 1648 be78 | 9684 736b | 0100 0080 | 8e71 0a00 | 0001 e9cc 

  0x0000016b1c468a5c: ;   {metadata('java/lang/Class')}
  0x0000016b1c468a5c: 0000 0048 | bf50 6b00 | 306b 0100 | 008b 5008 | 49ba 0000 | 0030 6b01 | 0000 4903 | d248 3bfa 
  0x0000016b1c468a7c: 0f85 8d00 

  0x0000016b1c468a80: ;   {metadata(method data for {method} {0x0000016b7358c878} 'findClass0' '(Ljava/lang/String;ZZ)Ljava/lang/Class;' in 'org/eclipse/osgi/internal/loader/BundleLoader')}
  0x0000016b1c468a80: 0000 48be | 7896 8473 | 6b01 0000 | 8b78 0849 | ba00 0000 | 306b 0100 | 0049 03fa | 483b be88 
  0x0000016b1c468aa0: 0a00 0075 | 0d48 8386 | 900a 0000 | 01e9 7900 | 0000 483b | be98 0a00 | 0075 0d48 | 8386 a00a 
  0x0000016b1c468ac0: 0000 01e9 | 6300 0000 | 4883 be88 | 0a00 0000 | 7517 4889 | be88 0a00 | 0048 c786 | 900a 0000 
  0x0000016b1c468ae0: 0100 0000 | e942 0000 | 0048 83be | 980a 0000 | 0075 1748 | 89be 980a | 0000 48c7 | 86a0 0a00 
  0x0000016b1c468b00: 0001 0000 | 00e9 2100 | 0000 e91c 

  0x0000016b1c468b0c: ;   {metadata(method data for {method} {0x0000016b7358c878} 'findClass0' '(Ljava/lang/String;ZZ)Ljava/lang/Class;' in 'org/eclipse/osgi/internal/loader/BundleLoader')}
  0x0000016b1c468b0c: 0000 0048 | be78 9684 | 736b 0100 | 0048 83ae | 780a 0000 | 01e9 bd11 | 0000 e900 | 0000 004c 
  0x0000016b1c468b2c: ;   {metadata(method data for {method} {0x0000016b7358c878} 'findClass0' '(Ljava/lang/String;ZZ)Ljava/lang/Class;' in 'org/eclipse/osgi/internal/loader/BundleLoader')}
  0x0000016b1c468b2c: 8bc0 48ba | 7896 8473 | 6b01 0000 | ff82 b00a | 0000 498b | f0e9 2601 | 0000 483b | 004c 8bc0 
  0x0000016b1c468b4c: ;   {metadata(method data for {method} {0x0000016b7358c878} 'findClass0' '(Ljava/lang/String;ZZ)Ljava/lang/Class;' in 'org/eclipse/osgi/internal/loader/BundleLoader')}
  0x0000016b1c468b4c: 48ba 7896 | 8473 6b01 | 0000 458b | 4008 49ba | 0000 0030 | 6b01 0000 | 4d03 c24c | 3b82 f009 
  0x0000016b1c468b6c: 0000 750d | 4883 82f8 | 0900 0001 | e960 0000 | 004c 3b82 | 000a 0000 | 750d 4883 | 8208 0a00 
  0x0000016b1c468b8c: 0001 e94a | 0000 0048 | 83ba f009 | 0000 0075 | 174c 8982 | f009 0000 | 48c7 82f8 | 0900 0001 
  0x0000016b1c468bac: 0000 00e9 | 2900 0000 | 4883 ba00 | 0a00 0000 | 7517 4c89 | 8200 0a00 | 0048 c782 | 080a 0000 
  0x0000016b1c468bcc: 0100 0000 | e908 0000 | 0048 8382 | e009 0000 | 014c 8b84 | 24a0 0000 | 0048 8bd0 | 0f1f 4400 
  0x0000016b1c468bec: 0048 b8ff | ffff ffff 

  0x0000016b1c468bf4: ;   {virtual_call}
  0x0000016b1c468bf4: ffff ffe8 

  0x0000016b1c468bf8: ; ImmutableOopMap {[160]=Oop [168]=Oop [208]=Oop }
                      ;*invokevirtual loadClass {reexecute=0 rethrow=0 return_oop=0}
                      ; - org.eclipse.osgi.internal.loader.BundleLoader::findClass0@361 (line 535)
  0x0000016b1c468bf8: 845e 0f07 

  0x0000016b1c468bfc: ;   {other}
  0x0000016b1c468bfc: 0f1f 8400 | 6c3d 0031 

  0x0000016b1c468c04: ;   {metadata(method data for {method} {0x0000016b7358c878} 'findClass0' '(Ljava/lang/String;ZZ)Ljava/lang/Class;' in 'org/eclipse/osgi/internal/loader/BundleLoader')}
  0x0000016b1c468c04: 4885 c049 | b878 9684 | 736b 0100 | 0048 c7c2 | 180a 0000 | 7407 48c7 | c228 0a00 | 0049 8b34 
  0x0000016b1c468c24: 1048 8d76 | 0149 8934 | 100f 84d6 | 0400 0048 | 81c4 7001 

  0x0000016b1c468c38: ;   {poll_return}
  0x0000016b1c468c38: 0000 5d49 | 3ba7 5004 | 0000 0f87 | a910 0000 | c349 8b87 | 0005 0000 | 4d33 d24d | 8997 0005 
  0x0000016b1c468c58: 0000 4d33 | d24d 8997 | 0805 0000 | 488b b424 | 4801 0000 

  0x0000016b1c468c6c: ;   {metadata(method data for {method} {0x0000016b7358c878} 'findClass0' '(Ljava/lang/String;ZZ)Ljava/lang/Class;' in 'org/eclipse/osgi/internal/loader/BundleLoader')}
  0x0000016b1c468c6c: 4885 f649 | b878 9684 | 736b 0100 | 0048 c7c2 | c80a 0000 | 7507 48c7 | c2d8 0a00 | 0049 8b3c 
  0x0000016b1c468c8c: 1048 8d7f | 0149 893c | 100f 8584 | 0000 0048 | 8b94 24a8 | 0000 008b | 7a1c 4885 

  0x0000016b1c468ca8: ;   {metadata(method data for {method} {0x0000016b7358c878} 'findClass0' '(Ljava/lang/String;ZZ)Ljava/lang/Class;' in 'org/eclipse/osgi/internal/loader/BundleLoader')}
  0x0000016b1c468ca8: ff49 b878 | 9684 736b | 0100 0048 | c7c3 e80a | 0000 7407 | 48c7 c3f8 | 0a00 0049 | 8b04 1848 
  0x0000016b1c468cc8: 8d40 0149 | 8904 180f | 844a 0000 | 0048 3b07 

  0x0000016b1c468cd8: ;   {metadata(method data for {method} {0x0000016b7358c878} 'findClass0' '(Ljava/lang/String;ZZ)Ljava/lang/Class;' in 'org/eclipse/osgi/internal/loader/BundleLoader')}
  0x0000016b1c468cd8: 4c8b c748 | be78 9684 | 736b 0100 

  0x0000016b1c468ce4: ;   {metadata('org/eclipse/osgi/internal/loader/buddy/PolicyHandler')}
  0x0000016b1c468ce4: 0049 ba20 | f712 316b | 0100 004c | 8996 180b | 0000 4883 | 8620 0b00 | 0001 4c8b | 8424 a000 
  0x0000016b1c468d04: 0000 488b | d766 0f1f 

  0x0000016b1c468d0c: ;   {optimized virtual_call}
  0x0000016b1c468d0c: 4400 00e8 

  0x0000016b1c468d10: ; ImmutableOopMap {[160]=Oop [168]=Oop [208]=Oop }
                      ;*invokevirtual doBuddyClassLoading {reexecute=0 rethrow=0 return_oop=0}
                      ; - org.eclipse.osgi.internal.loader.BundleLoader::findClass0@421 (line 550)
  0x0000016b1c468d10: 6c5a 0f07 

  0x0000016b1c468d14: ;   {other}
  0x0000016b1c468d14: 0f1f 8400 | 843e 0032 | 488b f048 

  0x0000016b1c468d20: ;   {metadata(method data for {method} {0x0000016b7358c878} 'findClass0' '(Ljava/lang/String;ZZ)Ljava/lang/Class;' in 'org/eclipse/osgi/internal/loader/BundleLoader')}
  0x0000016b1c468d20: 85f6 48ba | 7896 8473 | 6b01 0000 | 48c7 c750 | 0b00 0075 | 0748 c7c7 | 400b 0000 | 488b 1c3a 
  0x0000016b1c468d40: 488d 5b01 | 4889 1c3a | 0f85 8c03 | 0000 448b | 8c24 b000 | 0000 4585 

  0x0000016b1c468d58: ;   {metadata(method data for {method} {0x0000016b7358c878} 'findClass0' '(Ljava/lang/String;ZZ)Ljava/lang/Class;' in 'org/eclipse/osgi/internal/loader/BundleLoader')}
  0x0000016b1c468d58: c948 ba78 | 9684 736b | 0100 0048 | c7c6 700b | 0000 7507 | 48c7 c660 | 0b00 0048 | 8b3c 3248 
  0x0000016b1c468d78: 8d7f 0148 | 893c 320f | 8524 0000 | 0048 8b9c | 24d0 0000 | 008b bc24 | b400 0000 | 4c8b 8424 
  0x0000016b1c468d98: a000 0000 | 488b 9424 | a800 0000 | e95b 0600 | 0048 8b94 | 24a8 0000 | 008b 7248 

  0x0000016b1c468db4: ;   {metadata(method data for {method} {0x0000016b7358c878} 'findClass0' '(Ljava/lang/String;ZZ)Ljava/lang/Class;' in 'org/eclipse/osgi/internal/loader/BundleLoader')}
  0x0000016b1c468db4: 4885 f648 | be78 9684 | 736b 0100 | 0048 c7c7 | 900b 0000 | 7507 48c7 | c780 0b00 | 0048 8b1c 
  0x0000016b1c468dd4: 3e48 8d5b | 0148 891c | 3e0f 851c | 0000 0048 | 8b9c 24d0 | 0000 008b | bc24 b400 | 0000 4c8b 
  0x0000016b1c468df4: 8424 a000 | 0000 e905 | 0600 008b | b424 e000 | 0000 85f6 

  0x0000016b1c468e08: ;   {metadata(method data for {method} {0x0000016b7358c878} 'findClass0' '(Ljava/lang/String;ZZ)Ljava/lang/Class;' in 'org/eclipse/osgi/internal/loader/BundleLoader')}
  0x0000016b1c468e08: 48be 7896 | 8473 6b01 | 0000 48c7 | c7b0 0b00 | 0074 0748 | c7c7 a00b | 0000 488b | 1c3e 488d 
  0x0000016b1c468e28: 5b01 4889 | 1c3e 0f84 | 1c00 0000 | 488b 9c24 | d000 0000 | 8bbc 24b4 | 0000 004c | 8b84 24a0 
  0x0000016b1c468e48: 0000 00e9 | b405 0000 | 8b72 1448 | 3b06 488b 

  0x0000016b1c468e58: ;   {metadata(method data for {method} {0x0000016b7358c878} 'findClass0' '(Ljava/lang/String;ZZ)Ljava/lang/Class;' in 'org/eclipse/osgi/internal/loader/BundleLoader')}
  0x0000016b1c468e58: fe48 bb78 | 9684 736b 

  0x0000016b1c468e60: ;   {metadata('org/eclipse/osgi/internal/framework/EquinoxContainer')}
  0x0000016b1c468e60: 0100 0049 | ba00 b008 | 316b 0100 | 004c 8993 | d00b 0000 | 4883 83d8 | 0b00 0001 | 8b76 140f 
  0x0000016b1c468e80: be76 1e85 

  0x0000016b1c468e84: ;   {metadata(method data for {method} {0x0000016b7358c878} 'findClass0' '(Ljava/lang/String;ZZ)Ljava/lang/Class;' in 'org/eclipse/osgi/internal/loader/BundleLoader')}
  0x0000016b1c468e84: f648 be78 | 9684 736b | 0100 0048 | c7c7 f80b | 0000 7507 | 48c7 c708 | 0c00 0048 | 8b1c 3e48 
  0x0000016b1c468ea4: 8d5b 0148 | 891c 3e0f | 858a 0000 | 0048 8bf2 

  0x0000016b1c468eb4: ;   {metadata(method data for {method} {0x0000016b7358c878} 'findClass0' '(Ljava/lang/String;ZZ)Ljava/lang/Class;' in 'org/eclipse/osgi/internal/loader/BundleLoader')}
  0x0000016b1c468eb4: 48bf 7896 | 8473 6b01 | 0000 4883 | 8718 0c00 | 0001 488b | f248 8bd6 

  0x0000016b1c468ecc: ;   {optimized virtual_call}
  0x0000016b1c468ecc: 6666 90e8 

  0x0000016b1c468ed0: ; ImmutableOopMap {[160]=Oop [168]=Oop [208]=Oop }
                      ;*invokespecial isRequestFromVM {reexecute=0 rethrow=0 return_oop=0}
                      ; - org.eclipse.osgi.internal.loader.BundleLoader::findClass0@464 (line 556)
  0x0000016b1c468ed0: ac58 0f07 

  0x0000016b1c468ed4: ;   {other}
  0x0000016b1c468ed4: 0f1f 8400 | 4440 0033 

  0x0000016b1c468edc: ;   {metadata(method data for {method} {0x0000016b7358c878} 'findClass0' '(Ljava/lang/String;ZZ)Ljava/lang/Class;' in 'org/eclipse/osgi/internal/loader/BundleLoader')}
  0x0000016b1c468edc: 85c0 49b8 | 7896 8473 | 6b01 0000 | 49c7 c128 | 0c00 0074 | 0749 c7c1 | 380c 0000 | 4b8b 1408 
  0x0000016b1c468efc: 488d 5201 | 4b89 1408 | 0f84 0d00 | 0000 488b | 9424 a800 | 0000 e924 | 0000 0048 | 8b9c 24d0 
  0x0000016b1c468f1c: 0000 008b | bc24 b400 | 0000 4c8b | 8424 a000 | 0000 488b | 9424 a800 | 0000 e9c9 | 0400 008b 
  0x0000016b1c468f3c: 7248 483b | 064c 8bc6 

  0x0000016b1c468f44: ;   {metadata(method data for {method} {0x0000016b7358c878} 'findClass0' '(Ljava/lang/String;ZZ)Ljava/lang/Class;' in 'org/eclipse/osgi/internal/loader/BundleLoader')}
  0x0000016b1c468f44: 49b9 7896 | 8473 6b01 | 0000 458b | 4008 49ba | 0000 0030 | 6b01 0000 | 4d03 c24d | 3b81 580c 
  0x0000016b1c468f64: 0000 750d | 4983 8160 | 0c00 0001 | e960 0000 | 004d 3b81 | 680c 0000 | 750d 4983 | 8170 0c00 
  0x0000016b1c468f84: 0001 e94a | 0000 0049 | 83b9 580c | 0000 0075 | 174d 8981 | 580c 0000 | 49c7 8160 | 0c00 0001 
  0x0000016b1c468fa4: 0000 00e9 | 2900 0000 | 4983 b968 | 0c00 0000 | 7517 4d89 | 8168 0c00 | 0049 c781 | 700c 0000 
  0x0000016b1c468fc4: 0100 0000 | e908 0000 | 0049 8381 | 480c 0000 

  0x0000016b1c468fd4: ;   {metadata(method data for {method} {0x0000016b300143f0} 'loadClass' '(Ljava/lang/String;)Ljava/lang/Class;' in 'java/lang/ClassLoader')}
  0x0000016b1c468fd4: 0149 b8e8 | 8e2a 736b | 0100 0045 | 8b88 cc00 | 0000 4183 | c102 4589 | 88cc 0000 | 0041 81e1 
  0x0000016b1c468ff4: feff 1f00 | 4585 c90f | 841a 0d00 | 004c 8bc6 

  0x0000016b1c469004: ;   {metadata(method data for {method} {0x0000016b300143f0} 'loadClass' '(Ljava/lang/String;)Ljava/lang/Class;' in 'java/lang/ClassLoader')}
  0x0000016b1c469004: 49b9 e88e | 2a73 6b01 | 0000 458b | 4008 49ba | 0000 0030 | 6b01 0000 | 4d03 c24d | 3b81 2001 
  0x0000016b1c469024: 0000 750d | 4983 8128 | 0100 0001 | e960 0000 | 004d 3b81 | 3001 0000 | 750d 4983 | 8138 0100 
  0x0000016b1c469044: 0001 e94a | 0000 0049 | 83b9 2001 | 0000 0075 | 174d 8981 | 2001 0000 | 49c7 8128 | 0100 0001 
  0x0000016b1c469064: 0000 00e9 | 2900 0000 | 4983 b930 | 0100 0000 | 7517 4d89 | 8130 0100 | 0049 c781 | 3801 0000 
  0x0000016b1c469084: 0100 0000 | e908 0000 | 0049 8381 | 1001 0000 | 014c 8b84 | 24a0 0000 | 0041 b900 | 0000 0048 
  0x0000016b1c4690a4: 8bd6 0f1f | 8000 0000 | 0048 b8f8 | 8206 306b 

  0x0000016b1c4690b4: ;   {virtual_call}
  0x0000016b1c4690b4: 0100 00e8 

  0x0000016b1c4690b8: ; ImmutableOopMap {[160]=Oop [168]=Oop [208]=Oop }
                      ;*invokevirtual loadClass {reexecute=0 rethrow=0 return_oop=0}
                      ; - java.lang.ClassLoader::loadClass@3
                      ; - org.eclipse.osgi.internal.loader.BundleLoader::findClass0@475 (line 559)
  0x0000016b1c4690b8: 2417 d2ff 

  0x0000016b1c4690bc: ;   {other}
  0x0000016b1c4690bc: 0f1f 8400 | 2c42 0034 | 4881 c470 | 0100 005d 

  0x0000016b1c4690cc: ;   {poll_return}
  0x0000016b1c4690cc: 493b a750 | 0400 000f | 8763 0c00 | 00c3 488b | c648 81c4 | 7001 0000 

  0x0000016b1c4690e4: ;   {poll_return}
  0x0000016b1c4690e4: 5d49 3ba7 | 5004 0000 | 0f87 600c | 0000 c348 | 81c4 7001 

  0x0000016b1c4690f8: ;   {poll_return}
  0x0000016b1c4690f8: 0000 5d49 | 3ba7 5004 | 0000 0f87 | 600c 0000 | c348 8b94 | 24a8 0000 

  0x0000016b1c469110: ;   {metadata(method data for {method} {0x0000016b7358c878} 'findClass0' '(Ljava/lang/String;ZZ)Ljava/lang/Class;' in 'org/eclipse/osgi/internal/loader/BundleLoader')}
  0x0000016b1c469110: 0049 b878 | 9684 736b | 0100 0049 | 8380 380a | 0000 014c | 8b84 24a0 | 0000 0044 | 8b8c 24b4 
  0x0000016b1c469130: 0000 0048 | 8bbc 24d0 | 0000 0048 | 8b94 24a8 | 0000 000f 

  0x0000016b1c469144: ;   {optimized virtual_call}
  0x0000016b1c469144: 1f40 00e8 

  0x0000016b1c469148: ; ImmutableOopMap {}
                      ;*invokespecial generateException {reexecute=0 rethrow=0 return_oop=0}
                      ; - org.eclipse.osgi.internal.loader.BundleLoader::findClass0@379 (line 538)
  0x0000016b1c469148: 3456 0f07 

  0x0000016b1c46914c: ;   {other}
  0x0000016b1c46914c: 0f1f 8400 | bc42 0035 | 4881 c470 | 0100 005d 

  0x0000016b1c46915c: ;   {poll_return}
  0x0000016b1c46915c: 493b a750 | 0400 000f | 8715 0c00 | 00c3 488b | c648 81c4 | 7001 0000 

  0x0000016b1c469174: ;   {poll_return}
  0x0000016b1c469174: 5d49 3ba7 | 5004 0000 | 0f87 120c | 0000 c348 | 81c4 7001 

  0x0000016b1c469188: ;   {poll_return}
  0x0000016b1c469188: 0000 5d49 | 3ba7 5004 | 0000 0f87 | 120c 0000 | c348 8b94 | 24a8 0000 

  0x0000016b1c4691a0: ;   {metadata(method data for {method} {0x0000016b7358c878} 'findClass0' '(Ljava/lang/String;ZZ)Ljava/lang/Class;' in 'org/eclipse/osgi/internal/loader/BundleLoader')}
  0x0000016b1c4691a0: 0049 b878 | 9684 736b | 0100 0049 | 8380 5807 | 0000 014c | 8b84 24a0 | 0000 0044 | 8b8c 24b4 
  0x0000016b1c4691c0: 0000 0048 | 8bbc 24d0 | 0000 0048 | 8b94 24a8 | 0000 000f 

  0x0000016b1c4691d4: ;   {optimized virtual_call}
  0x0000016b1c4691d4: 1f40 00e8 

  0x0000016b1c4691d8: ; ImmutableOopMap {}
                      ;*invokespecial generateException {reexecute=0 rethrow=0 return_oop=0}
                      ; - org.eclipse.osgi.internal.loader.BundleLoader::findClass0@252 (line 513)
  0x0000016b1c4691d8: a455 0f07 

  0x0000016b1c4691dc: ;   {other}
  0x0000016b1c4691dc: 0f1f 8400 | 4c43 0036 | 4881 c470 | 0100 005d 

  0x0000016b1c4691ec: ;   {poll_return}
  0x0000016b1c4691ec: 493b a750 | 0400 000f | 87c7 0b00 | 00c3 4881 | c470 0100 

  0x0000016b1c469200: ;   {poll_return}
  0x0000016b1c469200: 005d 493b | a750 0400 | 000f 87c7 | 0b00 00c3 | 4881 c470 | 0100 005d 

  0x0000016b1c469218: ;   {poll_return}
  0x0000016b1c469218: 493b a750 | 0400 000f | 87c7 0b00 | 00c3 488b | 9424 a800 | 0000 8b52 | 4848 3b02 

  0x0000016b1c469234: ;   {metadata(method data for {method} {0x0000016b7358c878} 'findClass0' '(Ljava/lang/String;ZZ)Ljava/lang/Class;' in 'org/eclipse/osgi/internal/loader/BundleLoader')}
  0x0000016b1c469234: 4c8b c249 | b978 9684 | 736b 0100 | 0045 8b40 | 0849 ba00 | 0000 306b | 0100 004d | 03c2 4d3b 
  0x0000016b1c469254: 81b8 0100 | 0075 0d49 | 8381 c001 | 0000 01e9 | 6000 0000 | 4d3b 81c8 | 0100 0075 | 0d49 8381 
  0x0000016b1c469274: d001 0000 | 01e9 4a00 | 0000 4983 | b9b8 0100 | 0000 7517 | 4d89 81b8 | 0100 0049 | c781 c001 
  0x0000016b1c469294: 0000 0100 | 0000 e929 | 0000 0049 | 83b9 c801 | 0000 0075 | 174d 8981 | c801 0000 | 49c7 81d0 
  0x0000016b1c4692b4: 0100 0001 | 0000 00e9 | 0800 0000 | 4983 81a8 | 0100 0001 

  0x0000016b1c4692c8: ;   {metadata(method data for {method} {0x0000016b300143f0} 'loadClass' '(Ljava/lang/String;)Ljava/lang/Class;' in 'java/lang/ClassLoader')}
  0x0000016b1c4692c8: 49b8 e88e | 2a73 6b01 | 0000 458b | 88cc 0000 | 0041 83c1 | 0245 8988 | cc00 0000 | 4181 e1fe 
  0x0000016b1c4692e8: ff1f 0045 | 85c9 0f84 | 130b 0000 

  0x0000016b1c4692f4: ;   {metadata(method data for {method} {0x0000016b300143f0} 'loadClass' '(Ljava/lang/String;)Ljava/lang/Class;' in 'java/lang/ClassLoader')}
  0x0000016b1c4692f4: 4c8b c249 | b9e8 8e2a | 736b 0100 | 0045 8b40 | 0849 ba00 | 0000 306b | 0100 004d | 03c2 4d3b 
  0x0000016b1c469314: 8120 0100 | 0075 0d49 | 8381 2801 | 0000 01e9 | 6000 0000 | 4d3b 8130 | 0100 0075 | 0d49 8381 
  0x0000016b1c469334: 3801 0000 | 01e9 4a00 | 0000 4983 | b920 0100 | 0000 7517 | 4d89 8120 | 0100 0049 | c781 2801 
  0x0000016b1c469354: 0000 0100 | 0000 e929 | 0000 0049 | 83b9 3001 | 0000 0075 | 174d 8981 | 3001 0000 | 49c7 8138 
  0x0000016b1c469374: 0100 0001 | 0000 00e9 | 0800 0000 | 4983 8110 | 0100 0001 | 4c8b 8424 | a000 0000 | 41b9 0000 
  0x0000016b1c469394: 0000 0f1f | 8000 0000 | 0048 b8f8 | 8206 306b 

  0x0000016b1c4693a4: ;   {virtual_call}
  0x0000016b1c4693a4: 0100 00e8 

  0x0000016b1c4693a8: ; ImmutableOopMap {}
                      ;*invokevirtual loadClass {reexecute=0 rethrow=0 return_oop=0}
                      ; - java.lang.ClassLoader::loadClass@3
                      ; - org.eclipse.osgi.internal.loader.BundleLoader::findClass0@25 (line 470)
  0x0000016b1c4693a8: 3414 d2ff 

  0x0000016b1c4693ac: ;   {other}
  0x0000016b1c4693ac: 0f1f 8400 | 1c45 0037 | 4881 c470 | 0100 005d 

  0x0000016b1c4693bc: ;   {poll_return}
  0x0000016b1c4693bc: 493b a750 | 0400 000f | 875f 0a00 | 00c3 488b | 9424 a800 | 0000 498b | 8700 0500 | 004d 33d2 
  0x0000016b1c4693dc: 4d89 9700 | 0500 004d | 33d2 4d89 | 9708 0500 | 0048 8b9c | 24d0 0000 | 008b bc24 | b400 0000 
  0x0000016b1c4693fc: 4c8b 8424 | a000 0000 

  0x0000016b1c469404: ;   {metadata(method data for {method} {0x0000016b7358c878} 'findClass0' '(Ljava/lang/String;ZZ)Ljava/lang/Class;' in 'org/eclipse/osgi/internal/loader/BundleLoader')}
  0x0000016b1c469404: 4c8b ca48 | be78 9684 | 736b 0100 | 0048 8386 | 800c 0000 | 014c 8bcf 

  0x0000016b1c46941c: ;   {optimized virtual_call}
  0x0000016b1c46941c: 488b fbe8 

  0x0000016b1c469420: ; ImmutableOopMap {}
                      ;*invokespecial generateException {reexecute=0 rethrow=0 return_oop=0}
                      ; - org.eclipse.osgi.internal.loader.BundleLoader::findClass0@486 (line 564)
  0x0000016b1c469420: 5c53 0f07 

  0x0000016b1c469424: ;   {other}
  0x0000016b1c469424: 0f1f 8400 | 9445 0038 | 4881 c470 | 0100 005d 

  0x0000016b1c469434: ;   {poll_return}
  0x0000016b1c469434: 493b a750 | 0400 000f | 87fd 0900 | 00c3 498b | 8700 0500 | 004d 33d2 | 4d89 9700 | 0500 004d 
  0x0000016b1c469454: 33d2 4d89 | 9708 0500 | 0048 8bf0 | 488d 8424 | 5001 0000 | 488b 3848 | 85ff 0f84 | 0f00 0000 
  0x0000016b1c469474: 488b 5808 | f048 0fb1 | 3b0f 85d1 | 0900 0049 | ff8f 5005 | 0000 488b | c6e9 0b0a | 0000 498b 
  0x0000016b1c469494: 8700 0500 | 004d 33d2 | 4d89 9700 | 0500 004d | 33d2 4d89 | 9708 0500 | 0048 8bf0 | 488d 8424 
  0x0000016b1c4694b4: 5001 0000 | 488b 3848 | 85ff 0f84 | 0f00 0000 | 488b 5808 | f048 0fb1 | 3b0f 8597 | 0900 0049 
  0x0000016b1c4694d4: ff8f 5005 | 0000 488b | c6e9 bb09 

  0x0000016b1c4694e0: ;   {metadata({method} {0x0000016b7358c878} 'findClass0' '(Ljava/lang/String;ZZ)Ljava/lang/Class;' in 'org/eclipse/osgi/internal/loader/BundleLoader')}
  0x0000016b1c4694e0: 0000 49ba | 70c8 5873 | 6b01 0000 | 4c89 5424 | 0848 c704 | 24ff ffff 

  0x0000016b1c4694f8: ;   {runtime_call counter_overflow Runtime1 stub}
  0x0000016b1c4694f8: ffe8 8291 

  0x0000016b1c4694fc: ; ImmutableOopMap {rdx=Oop r8=Oop [160]=Oop [168]=Oop }
                      ;*synchronization entry
                      ; - org.eclipse.osgi.internal.loader.BundleLoader::findClass0@-1 (line 466)
  0x0000016b1c4694fc: 1a07 e9bb 

  0x0000016b1c469500: ;   {runtime_call throw_null_pointer_exception Runtime1 stub}
  0x0000016b1c469500: c2ff ffe8 

  0x0000016b1c469504: ; ImmutableOopMap {r8=Oop [160]=Oop [168]=Oop }
                      ;*invokevirtual startsWith {reexecute=0 rethrow=0 return_oop=0}
                      ; - org.eclipse.osgi.internal.loader.BundleLoader::findClass0@14 (line 466)
  0x0000016b1c469504: 7840 1a07 

  0x0000016b1c469508: ;   {metadata({method} {0x0000016b30453e38} 'startsWith' '(Ljava/lang/String;)Z' in 'java/lang/String')}
  0x0000016b1c469508: 49ba 303e | 4530 6b01 | 0000 4c89 | 5424 0848 | c704 24ff 

  0x0000016b1c46951c: ;   {runtime_call counter_overflow Runtime1 stub}
  0x0000016b1c46951c: ffff ffe8 

  0x0000016b1c469520: ; ImmutableOopMap {r8=Oop [160]=Oop [168]=Oop }
                      ;*synchronization entry
                      ; - java.lang.String::startsWith@-1
                      ; - org.eclipse.osgi.internal.loader.BundleLoader::findClass0@14 (line 466)
  0x0000016b1c469520: 5c91 1a07 | e948 c3ff 

  0x0000016b1c469528: ;   {metadata({method} {0x0000016b7358ac20} 'getPackageName' '(Ljava/lang/String;)Ljava/lang/String;' in 'org/eclipse/osgi/internal/loader/BundleLoader')}
  0x0000016b1c469528: ff49 ba18 | ac58 736b | 0100 004c | 8954 2408 | 48c7 0424 | ffff ffff 

  0x0000016b1c469540: ;   {runtime_call counter_overflow Runtime1 stub}
  0x0000016b1c469540: e83b 911a 

  0x0000016b1c469544: ; ImmutableOopMap {r8=Oop [160]=Oop [168]=Oop }
                      ;*synchronization entry
                      ; - org.eclipse.osgi.internal.loader.BundleLoader::getPackageName@-1 (line 142)
                      ; - org.eclipse.osgi.internal.loader.BundleLoader::findClass0@30 (line 473)
  0x0000016b1c469544: 07e9 d9c3 

  0x0000016b1c469548: ;   {runtime_call throw_null_pointer_exception Runtime1 stub}
  0x0000016b1c469548: ffff e831 

  0x0000016b1c46954c: ; ImmutableOopMap {r8=Oop [160]=Oop [168]=Oop }
                      ;*invokevirtual lastIndexOf {reexecute=0 rethrow=0 return_oop=0}
                      ; - org.eclipse.osgi.internal.loader.BundleLoader::getPackageName@7 (line 143)
                      ; - org.eclipse.osgi.internal.loader.BundleLoader::findClass0@30 (line 473)
                      ;   {metadata({method} {0x0000016b30453d30} 'lastIndexOf' '(I)I' in 'java/lang/String')}
  0x0000016b1c46954c: 401a 0749 | ba28 3d45 | 306b 0100 | 004c 8954 | 2408 48c7 | 0424 ffff 

  0x0000016b1c469564: ;   {runtime_call counter_overflow Runtime1 stub}
  0x0000016b1c469564: ffff e815 

  0x0000016b1c469568: ; ImmutableOopMap {r8=Oop [160]=Oop [168]=Oop }
                      ;*synchronization entry
                      ; - java.lang.String::lastIndexOf@-1
                      ; - org.eclipse.osgi.internal.loader.BundleLoader::getPackageName@7 (line 143)
                      ; - org.eclipse.osgi.internal.loader.BundleLoader::findClass0@30 (line 473)
  0x0000016b1c469568: 911a 07e9 | 26c4 ffff 

  0x0000016b1c469570: ;   {metadata({method} {0x0000016b3000ee90} 'length' '()I' in 'java/lang/String')}
  0x0000016b1c469570: 49ba 88ee | 0030 6b01 | 0000 4c89 | 5424 0848 | c704 24ff 

  0x0000016b1c469584: ;   {runtime_call counter_overflow Runtime1 stub}
  0x0000016b1c469584: ffff ffe8 

  0x0000016b1c469588: ; ImmutableOopMap {r8=Oop [160]=Oop [168]=Oop }
                      ;*synchronization entry
                      ; - java.lang.String::length@-1
                      ; - java.lang.String::lastIndexOf@3
                      ; - org.eclipse.osgi.internal.loader.BundleLoader::getPackageName@7 (line 143)
                      ; - org.eclipse.osgi.internal.loader.BundleLoader::findClass0@30 (line 473)
  0x0000016b1c469588: f490 1a07 | e946 c4ff 

  0x0000016b1c469590: ;   {runtime_call throw_null_pointer_exception Runtime1 stub}
  0x0000016b1c469590: ffe8 ea3f 

  0x0000016b1c469594: ; ImmutableOopMap {r8=Oop [160]=Oop [168]=Oop }
                      ;*arraylength {reexecute=0 rethrow=0 return_oop=0}
                      ; - java.lang.String::length@4
                      ; - java.lang.String::lastIndexOf@3
                      ; - org.eclipse.osgi.internal.loader.BundleLoader::getPackageName@7 (line 143)
                      ; - org.eclipse.osgi.internal.loader.BundleLoader::findClass0@30 (line 473)
                      ;   {metadata({method} {0x0000016b30455018} 'coder' '()B' in 'java/lang/String')}
  0x0000016b1c469594: 1a07 49ba | 1050 4530 | 6b01 0000 | 4c89 5424 | 0848 c704 | 24ff ffff 

  0x0000016b1c4695ac: ;   {runtime_call counter_overflow Runtime1 stub}
  0x0000016b1c4695ac: ffe8 ce90 

  0x0000016b1c4695b0: ; ImmutableOopMap {r8=Oop [160]=Oop [168]=Oop }
                      ;*synchronization entry
                      ; - java.lang.String::coder@-1
                      ; - java.lang.String::length@6
                      ; - java.lang.String::lastIndexOf@3
                      ; - org.eclipse.osgi.internal.loader.BundleLoader::getPackageName@7 (line 143)
                      ; - org.eclipse.osgi.internal.loader.BundleLoader::findClass0@30 (line 473)
  0x0000016b1c4695b0: 1a07 e964 

  0x0000016b1c4695b4: ;   {runtime_call throw_null_pointer_exception Runtime1 stub}
  0x0000016b1c4695b4: c4ff ffe8 

  0x0000016b1c4695b8: ; ImmutableOopMap {rsi=Oop rdx=Oop r8=Oop [160]=Oop [168]=Oop }
                      ;*invokevirtual loaderWithPackage {reexecute=0 rethrow=0 return_oop=0}
                      ; - org.eclipse.osgi.internal.loader.BundleLoader::findClass0@41 (line 474)
  0x0000016b1c4695b8: c43f 1a07 

  0x0000016b1c4695bc: ;   {metadata({method} {0x0000016b734e54e8} 'loaderWithPackage' '(Ljava/lang/String;)Ljava/lang/String;' in 'org/eclipse/osgi/internal/debug/Debug')}
  0x0000016b1c4695bc: 49ba e054 | 4e73 6b01 | 0000 4c89 | 5424 0848 | c704 24ff 

  0x0000016b1c4695d0: ;   {runtime_call counter_overflow Runtime1 stub}
  0x0000016b1c4695d0: ffff ffe8 

  0x0000016b1c4695d4: ; ImmutableOopMap {rsi=Oop rdx=Oop r8=Oop [160]=Oop [168]=Oop }
                      ;*synchronization entry
                      ; - org.eclipse.osgi.internal.debug.Debug::loaderWithPackage@-1 (line 272)
                      ; - org.eclipse.osgi.internal.loader.BundleLoader::findClass0@41 (line 474)
  0x0000016b1c4695d4: a890 1a07 | e976 c5ff 

  0x0000016b1c4695dc: ;   {runtime_call throw_null_pointer_exception Runtime1 stub}
  0x0000016b1c4695dc: ffe8 9e3f 

  0x0000016b1c4695e0: ; ImmutableOopMap {rsi=Oop rdi=Oop [160]=Oop [168]=Oop }
                      ;*invokeinterface contains {reexecute=0 rethrow=0 return_oop=0}
                      ; - org.eclipse.osgi.internal.debug.Debug::loaderWithPackage@22 (line 275)
                      ; - org.eclipse.osgi.internal.loader.BundleLoader::findClass0@41 (line 474)
  0x0000016b1c4695e0: 1a07 488b 

  0x0000016b1c4695e4: ;   {runtime_call fast_new_instance Runtime1 stub}
  0x0000016b1c4695e4: d2e8 9648 

  0x0000016b1c4695e8: ; ImmutableOopMap {r9=Oop [160]=Oop [168]=Oop [184]=Oop [200]=Oop [208]=Oop }
                      ;*new {reexecute=0 rethrow=0 return_oop=0}
                      ; - org.eclipse.osgi.internal.loader.BundleLoader::findClass0@57 (line 476)
  0x0000016b1c4695e8: 1a07 e997 

  0x0000016b1c4695ec: ;   {metadata({method} {0x0000016b30461da8} '<init>' '(Ljava/lang/String;)V' in 'java/lang/StringBuilder')}
  0x0000016b1c4695ec: c7ff ff49 | baa0 1d46 | 306b 0100 | 004c 8954 | 2408 48c7 | 0424 ffff 

  0x0000016b1c469604: ;   {runtime_call counter_overflow Runtime1 stub}
  0x0000016b1c469604: ffff e875 

  0x0000016b1c469608: ; ImmutableOopMap {r9=Oop rax=Oop [160]=Oop [168]=Oop [184]=Oop [192]=Oop [200]=Oop [208]=Oop }
                      ;*synchronization entry
                      ; - java.lang.StringBuilder::<init>@-1
                      ; - org.eclipse.osgi.internal.loader.BundleLoader::findClass0@64 (line 476)
  0x0000016b1c469608: 901a 07e9 | bcc7 ffff 

  0x0000016b1c469610: ;   {metadata({method} {0x0000016b30461b40} 'append' '(Ljava/lang/Object;)Ljava/lang/StringBuilder;' in 'java/lang/StringBuilder')}
  0x0000016b1c469610: 49ba 381b | 4630 6b01 | 0000 4c89 | 5424 0848 | c704 24ff 

  0x0000016b1c469624: ;   {runtime_call counter_overflow Runtime1 stub}
  0x0000016b1c469624: ffff ffe8 

  0x0000016b1c469628: ; ImmutableOopMap {[160]=Oop [168]=Oop [184]=Oop [192]=Oop [200]=Oop [208]=Oop }
                      ;*synchronization entry
                      ; - java.lang.StringBuilder::append@-1
                      ; - org.eclipse.osgi.internal.loader.BundleLoader::findClass0@68 (line 476)
  0x0000016b1c469628: 5490 1a07 | e90c c8ff 

  0x0000016b1c469630: ;   {metadata({method} {0x0000016b30455280} 'valueOf' '(Ljava/lang/Object;)Ljava/lang/String;' in 'java/lang/String')}
  0x0000016b1c469630: ff49 ba78 | 5245 306b | 0100 004c | 8954 2408 | 48c7 0424 | ffff ffff 

  0x0000016b1c469648: ;   {runtime_call counter_overflow Runtime1 stub}
  0x0000016b1c469648: e833 901a 

  0x0000016b1c46964c: ; ImmutableOopMap {[160]=Oop [168]=Oop [184]=Oop [192]=Oop [200]=Oop [208]=Oop }
                      ;*synchronization entry
                      ; - java.lang.String::valueOf@-1
                      ; - java.lang.StringBuilder::append@2
                      ; - org.eclipse.osgi.internal.loader.BundleLoader::findClass0@68 (line 476)
  0x0000016b1c46964c: 07e9 24c8 

  0x0000016b1c469650: ;   {metadata({method} {0x0000016b30461ae8} 'append' '(Ljava/lang/String;)Ljava/lang/StringBuilder;' in 'java/lang/StringBuilder')}
  0x0000016b1c469650: ffff 49ba | e01a 4630 | 6b01 0000 | 4c89 5424 | 0848 c704 | 24ff ffff 

  0x0000016b1c469668: ;   {runtime_call counter_overflow Runtime1 stub}
  0x0000016b1c469668: ffe8 1290 

  0x0000016b1c46966c: ; ImmutableOopMap {rax=Oop [160]=Oop [168]=Oop [184]=Oop [192]=Oop [200]=Oop [208]=Oop }
                      ;*synchronization entry
                      ; - java.lang.StringBuilder::append@-1
                      ; - java.lang.StringBuilder::append@5
                      ; - org.eclipse.osgi.internal.loader.BundleLoader::findClass0@68 (line 476)
  0x0000016b1c46966c: 1a07 e904 

  0x0000016b1c469670: ;   {metadata({method} {0x0000016b30461ae8} 'append' '(Ljava/lang/String;)Ljava/lang/StringBuilder;' in 'java/lang/StringBuilder')}
  0x0000016b1c469670: c9ff ff49 | bae0 1a46 | 306b 0100 | 004c 8954 | 2408 48c7 | 0424 ffff 

  0x0000016b1c469688: ;   {runtime_call counter_overflow Runtime1 stub}
  0x0000016b1c469688: ffff e8f1 

  0x0000016b1c46968c: ; ImmutableOopMap {rax=Oop [160]=Oop [168]=Oop [184]=Oop [192]=Oop [200]=Oop [208]=Oop }
                      ;*synchronization entry
                      ; - java.lang.StringBuilder::append@-1
                      ; - org.eclipse.osgi.internal.loader.BundleLoader::findClass0@74 (line 476)
  0x0000016b1c46968c: 8f1a 07e9 | 5ec9 ffff 

  0x0000016b1c469694: ;   {metadata({method} {0x0000016b30461ae8} 'append' '(Ljava/lang/String;)Ljava/lang/StringBuilder;' in 'java/lang/StringBuilder')}
  0x0000016b1c469694: 49ba e01a | 4630 6b01 | 0000 4c89 | 5424 0848 | c704 24ff 

  0x0000016b1c4696a8: ;   {runtime_call counter_overflow Runtime1 stub}
  0x0000016b1c4696a8: ffff ffe8 

  0x0000016b1c4696ac: ; ImmutableOopMap {[160]=Oop [168]=Oop [184]=Oop [192]=Oop [200]=Oop [208]=Oop }
                      ;*synchronization entry
                      ; - java.lang.StringBuilder::append@-1
                      ; - org.eclipse.osgi.internal.loader.BundleLoader::findClass0@78 (line 476)
  0x0000016b1c4696ac: d08f 1a07 | e9b2 c9ff 

  0x0000016b1c4696b4: ;   {metadata({method} {0x0000016b30461ae8} 'append' '(Ljava/lang/String;)Ljava/lang/StringBuilder;' in 'java/lang/StringBuilder')}
  0x0000016b1c4696b4: ff49 bae0 | 1a46 306b | 0100 004c | 8954 2408 | 48c7 0424 | ffff ffff 

  0x0000016b1c4696cc: ;   {runtime_call counter_overflow Runtime1 stub}
  0x0000016b1c4696cc: e8af 8f1a 

  0x0000016b1c4696d0: ; ImmutableOopMap {[160]=Oop [168]=Oop [184]=Oop [192]=Oop [200]=Oop [208]=Oop }
                      ;*synchronization entry
                      ; - java.lang.StringBuilder::append@-1
                      ; - org.eclipse.osgi.internal.loader.BundleLoader::findClass0@84 (line 476)
  0x0000016b1c4696d0: 07e9 11ca 

  0x0000016b1c4696d4: ;   {metadata({method} {0x0000016b30008958} 'toString' '()Ljava/lang/String;' in 'java/lang/StringBuilder')}
  0x0000016b1c4696d4: ffff 49ba | 5089 0030 | 6b01 0000 | 4c89 5424 | 0848 c704 | 24ff ffff 

  0x0000016b1c4696ec: ;   {runtime_call counter_overflow Runtime1 stub}
  0x0000016b1c4696ec: ffe8 8e8f 

  0x0000016b1c4696f0: ; ImmutableOopMap {[160]=Oop [168]=Oop [184]=Oop [192]=Oop [200]=Oop [208]=Oop }
                      ;*synchronization entry
                      ; - java.lang.StringBuilder::toString@-1
                      ; - org.eclipse.osgi.internal.loader.BundleLoader::findClass0@87 (line 476)
  0x0000016b1c4696f0: 1a07 e96e | caff ff48 

  0x0000016b1c4696f8: ;   {runtime_call fast_new_instance Runtime1 stub}
  0x0000016b1c4696f8: 8bd2 e881 

  0x0000016b1c4696fc: ; ImmutableOopMap {[160]=Oop [168]=Oop [184]=Oop [192]=Oop [200]=Oop [208]=Oop }
                      ;*new {reexecute=0 rethrow=0 return_oop=0}
                      ; - java.lang.StringBuilder::toString@0
                      ; - org.eclipse.osgi.internal.loader.BundleLoader::findClass0@87 (line 476)
  0x0000016b1c4696fc: 471a 07e9 | b1ca ffff 

  0x0000016b1c469704: ;   {metadata({method} {0x0000016b30455dd8} '<init>' '(Ljava/lang/StringBuilder;)V' in 'java/lang/String')}
  0x0000016b1c469704: 49ba d05d | 4530 6b01 | 0000 4c89 | 5424 0848 | c704 24ff 

  0x0000016b1c469718: ;   {runtime_call counter_overflow Runtime1 stub}
  0x0000016b1c469718: ffff ffe8 

  0x0000016b1c46971c: ; ImmutableOopMap {rax=Oop [160]=Oop [168]=Oop [184]=Oop [192]=Oop [200]=Oop [208]=Oop }
                      ;*synchronization entry
                      ; - java.lang.String::<init>@-1
                      ; - java.lang.StringBuilder::toString@5
                      ; - org.eclipse.osgi.internal.loader.BundleLoader::findClass0@87 (line 476)
  0x0000016b1c46971c: 608f 1a07 | e9d1 caff 

  0x0000016b1c469724: ;   {runtime_call throw_null_pointer_exception Runtime1 stub}
  0x0000016b1c469724: ffe8 563e 

  0x0000016b1c469728: ; ImmutableOopMap {r9=Oop [160]=Oop [168]=Oop [184]=Oop [200]=Oop [208]=Oop [216]=Oop }
                      ;*invokevirtual trace {reexecute=0 rethrow=0 return_oop=0}
                      ; - org.eclipse.osgi.internal.loader.BundleLoader::findClass0@90 (line 476)
                      ;   {metadata({method} {0x0000016b734e5400} 'trace' '(Ljava/lang/String;Ljava/lang/String;)V' in 'org/eclipse/osgi/internal/debug/Debug')}
  0x0000016b1c469728: 1a07 49ba | f853 4e73 | 6b01 0000 | 4c89 5424 | 0848 c704 | 24ff ffff 

  0x0000016b1c469740: ;   {runtime_call counter_overflow Runtime1 stub}
  0x0000016b1c469740: ffe8 3a8f 

  0x0000016b1c469744: ; ImmutableOopMap {r9=Oop [160]=Oop [168]=Oop [184]=Oop [200]=Oop [208]=Oop [216]=Oop }
                      ;*synchronization entry
                      ; - org.eclipse.osgi.internal.debug.Debug::trace@-1 (line 256)
                      ; - org.eclipse.osgi.internal.loader.BundleLoader::findClass0@90 (line 476)
  0x0000016b1c469744: 1a07 e94b 

  0x0000016b1c469748: ;   {runtime_call throw_incompatible_class_change_error Runtime1 stub}
  0x0000016b1c469748: cbff ffe8 

  0x0000016b1c46974c: ; ImmutableOopMap {rdx=Oop [160]=Oop [168]=Oop [184]=Oop [208]=Oop [216]=Oop }
                      ;*invokeinterface getLogger {reexecute=0 rethrow=0 return_oop=0}
                      ; - org.eclipse.osgi.internal.debug.Debug::trace@11 (line 265)
                      ; - org.eclipse.osgi.internal.loader.BundleLoader::findClass0@90 (line 476)
  0x0000016b1c46974c: 3065 1a07 

  0x0000016b1c469750: ;   {runtime_call throw_null_pointer_exception Runtime1 stub}
  0x0000016b1c469750: e82b 3e1a 

  0x0000016b1c469754: ; ImmutableOopMap {rdx=Oop [160]=Oop [168]=Oop [184]=Oop [208]=Oop [216]=Oop }
                      ;*invokeinterface getLogger {reexecute=0 rethrow=0 return_oop=0}
                      ; - org.eclipse.osgi.internal.debug.Debug::trace@11 (line 265)
                      ; - org.eclipse.osgi.internal.loader.BundleLoader::findClass0@90 (line 476)
                      ;   {metadata({method} {0x0000016b7350ca90} 'getLogger' '(Ljava/lang/String;)Lorg/osgi/service/log/Logger;' in 'org/eclipse/osgi/internal/log/ExtendedLogServiceImpl')}
  0x0000016b1c469754: 0749 ba88 | ca50 736b | 0100 004c | 8954 2408 | 48c7 0424 | ffff ffff 

  0x0000016b1c46976c: ;   {runtime_call counter_overflow Runtime1 stub}
  0x0000016b1c46976c: e80f 8f1a 

  0x0000016b1c469770: ; ImmutableOopMap {rdx=Oop [160]=Oop [168]=Oop [184]=Oop [208]=Oop [216]=Oop }
                      ;*synchronization entry
                      ; - org.eclipse.osgi.internal.log.ExtendedLogServiceImpl::getLogger@-1 (line 1)
                      ; - org.eclipse.osgi.internal.debug.Debug::trace@11 (line 265)
                      ; - org.eclipse.osgi.internal.loader.BundleLoader::findClass0@90 (line 476)
  0x0000016b1c469770: 07e9 ddcb 

  0x0000016b1c469774: ;   {metadata({method} {0x0000016b7350a318} 'getLogger' '(Ljava/lang/String;)Lorg/eclipse/equinox/log/Logger;' in 'org/eclipse/osgi/internal/log/ExtendedLogServiceImpl')}
  0x0000016b1c469774: ffff 49ba | 10a3 5073 | 6b01 0000 | 4c89 5424 | 0848 c704 | 24ff ffff 

  0x0000016b1c46978c: ;   {runtime_call counter_overflow Runtime1 stub}
  0x0000016b1c46978c: ffe8 ee8e 

  0x0000016b1c469790: ; ImmutableOopMap {rdx=Oop [160]=Oop [168]=Oop [184]=Oop [208]=Oop [216]=Oop }
                      ;*synchronization entry
                      ; - org.eclipse.osgi.internal.log.ExtendedLogServiceImpl::getLogger@-1 (line 73)
                      ; - org.eclipse.osgi.internal.log.ExtendedLogServiceImpl::getLogger@2 (line 1)
                      ; - org.eclipse.osgi.internal.debug.Debug::trace@11 (line 265)
                      ; - org.eclipse.osgi.internal.loader.BundleLoader::findClass0@90 (line 476)
  0x0000016b1c469790: 1a07 e90e | ccff ff48 

  0x0000016b1c469798: ;   {runtime_call throw_class_cast_exception Runtime1 stub}
  0x0000016b1c469798: 8904 24e8 

  0x0000016b1c46979c: ; ImmutableOopMap {[160]=Oop [168]=Oop [184]=Oop [208]=Oop [216]=Oop }
                      ;*checkcast {reexecute=0 rethrow=0 return_oop=0}
                      ; - org.eclipse.osgi.internal.log.ExtendedLogServiceImpl::getLogger@7 (line 73)
                      ; - org.eclipse.osgi.internal.log.ExtendedLogServiceImpl::getLogger@2 (line 1)
                      ; - org.eclipse.osgi.internal.debug.Debug::trace@11 (line 265)
                      ; - org.eclipse.osgi.internal.loader.BundleLoader::findClass0@90 (line 476)
  0x0000016b1c46979c: e061 1a07 

  0x0000016b1c4697a0: ;   {runtime_call throw_null_pointer_exception Runtime1 stub}
  0x0000016b1c4697a0: e8db 3d1a 

  0x0000016b1c4697a4: ; ImmutableOopMap {rdx=Oop [160]=Oop [168]=Oop [184]=Oop [208]=Oop [216]=Oop }
                      ;*invokeinterface debug {reexecute=0 rethrow=0 return_oop=0}
                      ; - org.eclipse.osgi.internal.debug.Debug::trace@17 (line 265)
                      ; - org.eclipse.osgi.internal.loader.BundleLoader::findClass0@90 (line 476)
                      ;   {runtime_call throw_null_pointer_exception Runtime1 stub}
  0x0000016b1c4697a4: 07e8 d63d 

  0x0000016b1c4697a8: ; ImmutableOopMap {rax=Oop rdx=Oop [160]=Oop [168]=Oop [184]=Oop [208]=Oop }
                      ;*invokevirtual println {reexecute=0 rethrow=0 return_oop=0}
                      ; - org.eclipse.osgi.internal.debug.Debug::trace@29 (line 267)
                      ; - org.eclipse.osgi.internal.loader.BundleLoader::findClass0@90 (line 476)
                      ;   {runtime_call throw_null_pointer_exception Runtime1 stub}
  0x0000016b1c4697a8: 1a07 e8d1 

  0x0000016b1c4697ac: ; ImmutableOopMap {rdx=Oop rsi=Oop [160]=Oop [168]=Oop [184]=Oop [208]=Oop }
                      ;*invokevirtual isBootDelegationPackage {reexecute=0 rethrow=0 return_oop=0}
                      ; - org.eclipse.osgi.internal.loader.BundleLoader::findClass0@113 (line 480)
                      ;   {runtime_call throw_null_pointer_exception Runtime1 stub}
  0x0000016b1c4697ac: 3d1a 07e8 

  0x0000016b1c4697b0: ; ImmutableOopMap {rdx=Oop rsi=Oop [160]=Oop [168]=Oop [184]=Oop [208]=Oop }
                      ;*invokevirtual loadClass {reexecute=0 rethrow=0 return_oop=0}
                      ; - org.eclipse.osgi.internal.loader.BundleLoader::findClass0@124 (line 484)
  0x0000016b1c4697b0: cc3d 1a07 

  0x0000016b1c4697b4: ;   {metadata({method} {0x0000016b300143f0} 'loadClass' '(Ljava/lang/String;)Ljava/lang/Class;' in 'java/lang/ClassLoader')}
  0x0000016b1c4697b4: 49ba e843 | 0130 6b01 | 0000 4c89 | 5424 0848 | c704 24ff 

  0x0000016b1c4697c8: ;   {runtime_call counter_overflow Runtime1 stub}
  0x0000016b1c4697c8: ffff ffe8 

  0x0000016b1c4697cc: ; ImmutableOopMap {rdx=Oop rsi=Oop [160]=Oop [168]=Oop [184]=Oop [208]=Oop }
                      ;*synchronization entry
                      ; - java.lang.ClassLoader::loadClass@-1
                      ; - org.eclipse.osgi.internal.loader.BundleLoader::findClass0@124 (line 484)
  0x0000016b1c4697cc: b08e 1a07 | e915 d0ff 

  0x0000016b1c4697d4: ;   {internal_word}
  0x0000016b1c4697d4: ff49 bab4 | 6846 1c6b | 0100 004d | 8997 6804 

  0x0000016b1c4697e4: ;   {runtime_call SafepointBlob}
  0x0000016b1c4697e4: 0000 e915 | b30f 0748 

  0x0000016b1c4697ec: ;   {runtime_call throw_class_cast_exception Runtime1 stub}
  0x0000016b1c4697ec: 8904 24e8 

  0x0000016b1c4697f0: ; ImmutableOopMap {[160]=Oop [168]=Oop [184]=Oop [208]=Oop }
                      ;*checkcast {reexecute=0 rethrow=0 return_oop=0}
                      ; - org.eclipse.osgi.internal.loader.BundleLoader::findClass0@142 (line 492)
  0x0000016b1c4697f0: 8c61 1a07 

  0x0000016b1c4697f4: ;   {metadata({method} {0x0000016b7358f618} 'findImportedSource' '(Ljava/lang/String;Ljava/util/Collection;)Lorg/eclipse/osgi/internal/loader/sources/PackageSource;' in 'org/eclipse/osgi/internal/loader/BundleLoader')}
  0x0000016b1c4697f4: 49ba 10f6 | 5873 6b01 | 0000 4c89 | 5424 0848 | c704 24ff 

  0x0000016b1c469808: ;   {runtime_call counter_overflow Runtime1 stub}
  0x0000016b1c469808: ffff ffe8 

  0x0000016b1c46980c: ; ImmutableOopMap {[160]=Oop [168]=Oop [184]=Oop [208]=Oop [232]=Oop }
                      ;*synchronization entry
                      ; - org.eclipse.osgi.internal.loader.BundleLoader::findImportedSource@-1 (line 1251)
                      ; - org.eclipse.osgi.internal.loader.BundleLoader::findClass0@164 (line 499)
  0x0000016b1c46980c: 708e 1a07 | e9b4 d2ff 

  0x0000016b1c469814: ;   {runtime_call throw_null_pointer_exception Runtime1 stub}
  0x0000016b1c469814: ffe8 663d 

  0x0000016b1c469818: ; ImmutableOopMap {rsi=Oop [160]=Oop [168]=Oop [184]=Oop [208]=Oop [232]=Oop }
                      ;*monitorenter {reexecute=0 rethrow=0 return_oop=0}
                      ; - org.eclipse.osgi.internal.loader.BundleLoader::findImportedSource@10 (line 1252)
                      ; - org.eclipse.osgi.internal.loader.BundleLoader::findClass0@164 (line 499)
  0x0000016b1c469818: 1a07 4889 | 7424 084c 

  0x0000016b1c469820: ;   {runtime_call monitorenter_nofpu Runtime1 stub}
  0x0000016b1c469820: 8904 24e8 

  0x0000016b1c469824: ; ImmutableOopMap {rsi=Oop [160]=Oop [168]=Oop [184]=Oop [208]=Oop [232]=Oop [344]=Oop }
                      ;*monitorenter {reexecute=0 rethrow=0 return_oop=0}
                      ; - org.eclipse.osgi.internal.loader.BundleLoader::findImportedSource@10 (line 1252)
                      ; - org.eclipse.osgi.internal.loader.BundleLoader::findClass0@164 (line 499)
  0x0000016b1c469824: 586d 1a07 | e914 d3ff | ff48 8904 

  0x0000016b1c469830: ;   {runtime_call throw_class_cast_exception Runtime1 stub}
  0x0000016b1c469830: 24e8 4a61 

  0x0000016b1c469834: ; ImmutableOopMap {[160]=Oop [168]=Oop [184]=Oop [208]=Oop [232]=Oop [240]=Oop [344]=Oop }
                      ;*checkcast {reexecute=0 rethrow=0 return_oop=0}
                      ; - org.eclipse.osgi.internal.loader.BundleLoader::findImportedSource@18 (line 1253)
                      ; - org.eclipse.osgi.internal.loader.BundleLoader::findClass0@164 (line 499)
  0x0000016b1c469834: 1a07 488d | 8424 5001 | 0000 4889 

  0x0000016b1c469840: ;   {runtime_call monitorexit_nofpu Runtime1 stub}
  0x0000016b1c469840: 0424 e839 | 731a 07e9 | d5d4 ffff 

  0x0000016b1c46984c: ;   {runtime_call fast_new_instance Runtime1 stub}
  0x0000016b1c46984c: 488b d2e8 

  0x0000016b1c469850: ; ImmutableOopMap {r11=Oop [160]=Oop [168]=Oop [208]=Oop [256]=Oop [264]=Oop }
                      ;*new {reexecute=0 rethrow=0 return_oop=0}
                      ; - org.eclipse.osgi.internal.loader.BundleLoader::findClass0@185 (line 502)
  0x0000016b1c469850: 2c46 1a07 | e99a d5ff 

  0x0000016b1c469858: ;   {metadata({method} {0x0000016b30461da8} '<init>' '(Ljava/lang/String;)V' in 'java/lang/StringBuilder')}
  0x0000016b1c469858: ff49 baa0 | 1d46 306b | 0100 004c | 8954 2408 | 48c7 0424 | ffff ffff 

  0x0000016b1c469870: ;   {runtime_call counter_overflow Runtime1 stub}
  0x0000016b1c469870: e80b 8e1a 

  0x0000016b1c469874: ; ImmutableOopMap {r11=Oop rax=Oop [160]=Oop [168]=Oop [208]=Oop [256]=Oop [264]=Oop }
                      ;*synchronization entry
                      ; - java.lang.StringBuilder::<init>@-1
                      ; - org.eclipse.osgi.internal.loader.BundleLoader::findClass0@192 (line 502)
  0x0000016b1c469874: 07e9 b7d5 

  0x0000016b1c469878: ;   {metadata({method} {0x0000016b30461b40} 'append' '(Ljava/lang/Object;)Ljava/lang/StringBuilder;' in 'java/lang/StringBuilder')}
  0x0000016b1c469878: ffff 49ba | 381b 4630 | 6b01 0000 | 4c89 5424 | 0848 c704 | 24ff ffff 

  0x0000016b1c469890: ;   {runtime_call counter_overflow Runtime1 stub}
  0x0000016b1c469890: ffe8 ea8d 

  0x0000016b1c469894: ; ImmutableOopMap {[160]=Oop [168]=Oop [208]=Oop [248]=Oop [256]=Oop [264]=Oop }
                      ;*synchronization entry
                      ; - java.lang.StringBuilder::append@-1
                      ; - org.eclipse.osgi.internal.loader.BundleLoader::findClass0@196 (line 502)
  0x0000016b1c469894: 1a07 e912 

  0x0000016b1c469898: ;   {metadata({method} {0x0000016b30455280} 'valueOf' '(Ljava/lang/Object;)Ljava/lang/String;' in 'java/lang/String')}
  0x0000016b1c469898: d6ff ff49 | ba78 5245 | 306b 0100 | 004c 8954 | 2408 48c7 | 0424 ffff 

  0x0000016b1c4698b0: ;   {runtime_call counter_overflow Runtime1 stub}
  0x0000016b1c4698b0: ffff e8c9 

  0x0000016b1c4698b4: ; ImmutableOopMap {[160]=Oop [168]=Oop [208]=Oop [248]=Oop [256]=Oop [264]=Oop }
                      ;*synchronization entry
                      ; - java.lang.String::valueOf@-1
                      ; - java.lang.StringBuilder::append@2
                      ; - org.eclipse.osgi.internal.loader.BundleLoader::findClass0@196 (line 502)
  0x0000016b1c4698b4: 8d1a 07e9 | 2ad6 ffff 

  0x0000016b1c4698bc: ;   {metadata({method} {0x0000016b30461ae8} 'append' '(Ljava/lang/String;)Ljava/lang/StringBuilder;' in 'java/lang/StringBuilder')}
  0x0000016b1c4698bc: 49ba e01a | 4630 6b01 | 0000 4c89 | 5424 0848 | c704 24ff 

  0x0000016b1c4698d0: ;   {runtime_call counter_overflow Runtime1 stub}
  0x0000016b1c4698d0: ffff ffe8 

  0x0000016b1c4698d4: ; ImmutableOopMap {rax=Oop [160]=Oop [168]=Oop [208]=Oop [248]=Oop [256]=Oop [264]=Oop }
                      ;*synchronization entry
                      ; - java.lang.StringBuilder::append@-1
                      ; - java.lang.StringBuilder::append@5
                      ; - org.eclipse.osgi.internal.loader.BundleLoader::findClass0@196 (line 502)
  0x0000016b1c4698d4: a88d 1a07 | e90a d7ff 

  0x0000016b1c4698dc: ;   {metadata({method} {0x0000016b30461ae8} 'append' '(Ljava/lang/String;)Ljava/lang/StringBuilder;' in 'java/lang/StringBuilder')}
  0x0000016b1c4698dc: ff49 bae0 | 1a46 306b | 0100 004c | 8954 2408 | 48c7 0424 | ffff ffff 

  0x0000016b1c4698f4: ;   {runtime_call counter_overflow Runtime1 stub}
  0x0000016b1c4698f4: e887 8d1a 

  0x0000016b1c4698f8: ; ImmutableOopMap {[160]=Oop [168]=Oop [208]=Oop [248]=Oop [256]=Oop [264]=Oop }
                      ;*synchronization entry
                      ; - java.lang.StringBuilder::append@-1
                      ; - org.eclipse.osgi.internal.loader.BundleLoader::findClass0@202 (line 502)
  0x0000016b1c4698f8: 07e9 61d7 

  0x0000016b1c4698fc: ;   {metadata({method} {0x0000016b30461b40} 'append' '(Ljava/lang/Object;)Ljava/lang/StringBuilder;' in 'java/lang/StringBuilder')}
  0x0000016b1c4698fc: ffff 49ba | 381b 4630 | 6b01 0000 | 4c89 5424 | 0848 c704 | 24ff ffff 

  0x0000016b1c469914: ;   {runtime_call counter_overflow Runtime1 stub}
  0x0000016b1c469914: ffe8 668d 

  0x0000016b1c469918: ; ImmutableOopMap {[160]=Oop [168]=Oop [208]=Oop [248]=Oop [256]=Oop [264]=Oop }
                      ;*synchronization entry
                      ; - java.lang.StringBuilder::append@-1
                      ; - org.eclipse.osgi.internal.loader.BundleLoader::findClass0@207 (line 502)
  0x0000016b1c469918: 1a07 e9be 

  0x0000016b1c46991c: ;   {metadata({method} {0x0000016b30455280} 'valueOf' '(Ljava/lang/Object;)Ljava/lang/String;' in 'java/lang/String')}
  0x0000016b1c46991c: d7ff ff49 | ba78 5245 | 306b 0100 | 004c 8954 | 2408 48c7 | 0424 ffff 

  0x0000016b1c469934: ;   {runtime_call counter_overflow Runtime1 stub}
  0x0000016b1c469934: ffff e845 

  0x0000016b1c469938: ; ImmutableOopMap {[160]=Oop [168]=Oop [208]=Oop [248]=Oop [256]=Oop [264]=Oop }
                      ;*synchronization entry
                      ; - java.lang.String::valueOf@-1
                      ; - java.lang.StringBuilder::append@2
                      ; - org.eclipse.osgi.internal.loader.BundleLoader::findClass0@207 (line 502)
  0x0000016b1c469938: 8d1a 07e9 | d6d7 ffff 

  0x0000016b1c469940: ;   {runtime_call throw_null_pointer_exception Runtime1 stub}
  0x0000016b1c469940: e83b 3c1a 

  0x0000016b1c469944: ; ImmutableOopMap {rbx=Oop [160]=Oop [168]=Oop [208]=Oop [248]=Oop [256]=Oop [264]=Oop }
                      ;*invokevirtual toString {reexecute=0 rethrow=0 return_oop=0}
                      ; - java.lang.String::valueOf@11
                      ; - java.lang.StringBuilder::append@2
                      ; - org.eclipse.osgi.internal.loader.BundleLoader::findClass0@207 (line 502)
                      ;   {metadata({method} {0x0000016b30461ae8} 'append' '(Ljava/lang/String;)Ljava/lang/StringBuilder;' in 'java/lang/StringBuilder')}
  0x0000016b1c469944: 0749 bae0 | 1a46 306b | 0100 004c | 8954 2408 | 48c7 0424 | ffff ffff 

  0x0000016b1c46995c: ;   {runtime_call counter_overflow Runtime1 stub}
  0x0000016b1c46995c: e81f 8d1a 

  0x0000016b1c469960: ; ImmutableOopMap {rsi=Oop [160]=Oop [168]=Oop [208]=Oop [248]=Oop [256]=Oop [264]=Oop }
                      ;*synchronization entry
                      ; - java.lang.StringBuilder::append@-1
                      ; - java.lang.StringBuilder::append@5
                      ; - org.eclipse.osgi.internal.loader.BundleLoader::findClass0@207 (line 502)
  0x0000016b1c469960: 07e9 f4d8 

  0x0000016b1c469964: ;   {metadata({method} {0x0000016b30008958} 'toString' '()Ljava/lang/String;' in 'java/lang/StringBuilder')}
  0x0000016b1c469964: ffff 49ba | 5089 0030 | 6b01 0000 | 4c89 5424 | 0848 c704 | 24ff ffff 

  0x0000016b1c46997c: ;   {runtime_call counter_overflow Runtime1 stub}
  0x0000016b1c46997c: ffe8 fe8c 

  0x0000016b1c469980: ; ImmutableOopMap {r8=Oop [160]=Oop [168]=Oop [208]=Oop [256]=Oop [264]=Oop }
                      ;*synchronization entry
                      ; - java.lang.StringBuilder::toString@-1
                      ; - org.eclipse.osgi.internal.loader.BundleLoader::findClass0@210 (line 502)
  0x0000016b1c469980: 1a07 e949 | d9ff ff48 

  0x0000016b1c469988: ;   {runtime_call fast_new_instance Runtime1 stub}
  0x0000016b1c469988: 8bd2 e8f1 

  0x0000016b1c46998c: ; ImmutableOopMap {r8=Oop [160]=Oop [168]=Oop [208]=Oop [256]=Oop [264]=Oop }
                      ;*new {reexecute=0 rethrow=0 return_oop=0}
                      ; - java.lang.StringBuilder::toString@0
                      ; - org.eclipse.osgi.internal.loader.BundleLoader::findClass0@210 (line 502)
  0x0000016b1c46998c: 441a 07e9 | 8cd9 ffff 

  0x0000016b1c469994: ;   {metadata({method} {0x0000016b30455dd8} '<init>' '(Ljava/lang/StringBuilder;)V' in 'java/lang/String')}
  0x0000016b1c469994: 49ba d05d | 4530 6b01 | 0000 4c89 | 5424 0848 | c704 24ff 

  0x0000016b1c4699a8: ;   {runtime_call counter_overflow Runtime1 stub}
  0x0000016b1c4699a8: ffff ffe8 

  0x0000016b1c4699ac: ; ImmutableOopMap {r8=Oop rax=Oop [160]=Oop [168]=Oop [208]=Oop [256]=Oop [264]=Oop }
                      ;*synchronization entry
                      ; - java.lang.String::<init>@-1
                      ; - java.lang.StringBuilder::toString@5
                      ; - org.eclipse.osgi.internal.loader.BundleLoader::findClass0@210 (line 502)
  0x0000016b1c4699ac: d08c 1a07 | e9a9 d9ff 

  0x0000016b1c4699b4: ;   {runtime_call throw_null_pointer_exception Runtime1 stub}
  0x0000016b1c4699b4: ffe8 c63b 

  0x0000016b1c4699b8: ; ImmutableOopMap {r11=Oop [160]=Oop [168]=Oop [208]=Oop [256]=Oop [264]=Oop [272]=Oop }
                      ;*invokevirtual trace {reexecute=0 rethrow=0 return_oop=0}
                      ; - org.eclipse.osgi.internal.loader.BundleLoader::findClass0@213 (line 502)
                      ;   {metadata({method} {0x0000016b734e5400} 'trace' '(Ljava/lang/String;Ljava/lang/String;)V' in 'org/eclipse/osgi/internal/debug/Debug')}
  0x0000016b1c4699b8: 1a07 49ba | f853 4e73 | 6b01 0000 | 4c89 5424 | 0848 c704 | 24ff ffff 

  0x0000016b1c4699d0: ;   {runtime_call counter_overflow Runtime1 stub}
  0x0000016b1c4699d0: ffe8 aa8c 

  0x0000016b1c4699d4: ; ImmutableOopMap {r11=Oop [160]=Oop [168]=Oop [208]=Oop [256]=Oop [264]=Oop [272]=Oop }
                      ;*synchronization entry
                      ; - org.eclipse.osgi.internal.debug.Debug::trace@-1 (line 256)
                      ; - org.eclipse.osgi.internal.loader.BundleLoader::findClass0@213 (line 502)
  0x0000016b1c4699d4: 1a07 e91e 

  0x0000016b1c4699d8: ;   {runtime_call throw_incompatible_class_change_error Runtime1 stub}
  0x0000016b1c4699d8: daff ffe8 

  0x0000016b1c4699dc: ; ImmutableOopMap {rdx=Oop [160]=Oop [168]=Oop [208]=Oop [256]=Oop [272]=Oop }
                      ;*invokeinterface getLogger {reexecute=0 rethrow=0 return_oop=0}
                      ; - org.eclipse.osgi.internal.debug.Debug::trace@11 (line 265)
                      ; - org.eclipse.osgi.internal.loader.BundleLoader::findClass0@213 (line 502)
  0x0000016b1c4699dc: a062 1a07 

  0x0000016b1c4699e0: ;   {runtime_call throw_null_pointer_exception Runtime1 stub}
  0x0000016b1c4699e0: e89b 3b1a 

  0x0000016b1c4699e4: ; ImmutableOopMap {rdx=Oop [160]=Oop [168]=Oop [208]=Oop [256]=Oop [272]=Oop }
                      ;*invokeinterface getLogger {reexecute=0 rethrow=0 return_oop=0}
                      ; - org.eclipse.osgi.internal.debug.Debug::trace@11 (line 265)
                      ; - org.eclipse.osgi.internal.loader.BundleLoader::findClass0@213 (line 502)
                      ;   {metadata({method} {0x0000016b7350ca90} 'getLogger' '(Ljava/lang/String;)Lorg/osgi/service/log/Logger;' in 'org/eclipse/osgi/internal/log/ExtendedLogServiceImpl')}
  0x0000016b1c4699e4: 0749 ba88 | ca50 736b | 0100 004c | 8954 2408 | 48c7 0424 | ffff ffff 

  0x0000016b1c4699fc: ;   {runtime_call counter_overflow Runtime1 stub}
  0x0000016b1c4699fc: e87f 8c1a 

  0x0000016b1c469a00: ; ImmutableOopMap {rdx=Oop [160]=Oop [168]=Oop [208]=Oop [256]=Oop [272]=Oop }
                      ;*synchronization entry
                      ; - org.eclipse.osgi.internal.log.ExtendedLogServiceImpl::getLogger@-1 (line 1)
                      ; - org.eclipse.osgi.internal.debug.Debug::trace@11 (line 265)
                      ; - org.eclipse.osgi.internal.loader.BundleLoader::findClass0@213 (line 502)
  0x0000016b1c469a00: 07e9 b0da 

  0x0000016b1c469a04: ;   {metadata({method} {0x0000016b7350a318} 'getLogger' '(Ljava/lang/String;)Lorg/eclipse/equinox/log/Logger;' in 'org/eclipse/osgi/internal/log/ExtendedLogServiceImpl')}
  0x0000016b1c469a04: ffff 49ba | 10a3 5073 | 6b01 0000 | 4c89 5424 | 0848 c704 | 24ff ffff 

  0x0000016b1c469a1c: ;   {runtime_call counter_overflow Runtime1 stub}
  0x0000016b1c469a1c: ffe8 5e8c 

  0x0000016b1c469a20: ; ImmutableOopMap {rdx=Oop [160]=Oop [168]=Oop [208]=Oop [256]=Oop [272]=Oop }
                      ;*synchronization entry
                      ; - org.eclipse.osgi.internal.log.ExtendedLogServiceImpl::getLogger@-1 (line 73)
                      ; - org.eclipse.osgi.internal.log.ExtendedLogServiceImpl::getLogger@2 (line 1)
                      ; - org.eclipse.osgi.internal.debug.Debug::trace@11 (line 265)
                      ; - org.eclipse.osgi.internal.loader.BundleLoader::findClass0@213 (line 502)
  0x0000016b1c469a20: 1a07 e9e1 | daff ff48 

  0x0000016b1c469a28: ;   {runtime_call throw_class_cast_exception Runtime1 stub}
  0x0000016b1c469a28: 8904 24e8 

  0x0000016b1c469a2c: ; ImmutableOopMap {[160]=Oop [168]=Oop [208]=Oop [256]=Oop [272]=Oop }
                      ;*checkcast {reexecute=0 rethrow=0 return_oop=0}
                      ; - org.eclipse.osgi.internal.log.ExtendedLogServiceImpl::getLogger@7 (line 73)
                      ; - org.eclipse.osgi.internal.log.ExtendedLogServiceImpl::getLogger@2 (line 1)
                      ; - org.eclipse.osgi.internal.debug.Debug::trace@11 (line 265)
                      ; - org.eclipse.osgi.internal.loader.BundleLoader::findClass0@213 (line 502)
  0x0000016b1c469a2c: 505f 1a07 

  0x0000016b1c469a30: ;   {runtime_call throw_null_pointer_exception Runtime1 stub}
  0x0000016b1c469a30: e84b 3b1a 

  0x0000016b1c469a34: ; ImmutableOopMap {rdx=Oop [160]=Oop [168]=Oop [208]=Oop [256]=Oop [272]=Oop }
                      ;*invokeinterface debug {reexecute=0 rethrow=0 return_oop=0}
                      ; - org.eclipse.osgi.internal.debug.Debug::trace@17 (line 265)
                      ; - org.eclipse.osgi.internal.loader.BundleLoader::findClass0@213 (line 502)
                      ;   {runtime_call throw_null_pointer_exception Runtime1 stub}
  0x0000016b1c469a34: 07e8 463b 

  0x0000016b1c469a38: ; ImmutableOopMap {rax=Oop rdx=Oop [160]=Oop [168]=Oop [208]=Oop [256]=Oop }
                      ;*invokevirtual println {reexecute=0 rethrow=0 return_oop=0}
                      ; - org.eclipse.osgi.internal.debug.Debug::trace@29 (line 267)
                      ; - org.eclipse.osgi.internal.loader.BundleLoader::findClass0@213 (line 502)
                      ;   {runtime_call throw_null_pointer_exception Runtime1 stub}
  0x0000016b1c469a38: 1a07 e841 

  0x0000016b1c469a3c: ; ImmutableOopMap {rbx=Oop [160]=Oop [168]=Oop [208]=Oop [256]=Oop }
                      ;*invokevirtual loadClass {reexecute=0 rethrow=0 return_oop=0}
                      ; - org.eclipse.osgi.internal.loader.BundleLoader::findClass0@219 (line 505)
                      ;   {runtime_call throw_null_pointer_exception Runtime1 stub}
  0x0000016b1c469a3c: 3b1a 07e8 

  0x0000016b1c469a40: ; ImmutableOopMap {rax=Oop [160]=Oop [168]=Oop [208]=Oop }
                      ;*invokevirtual publicFindLoaded {reexecute=0 rethrow=0 return_oop=0}
                      ; - org.eclipse.osgi.internal.loader.BundleLoader::findClass0@234 (line 509)
  0x0000016b1c469a40: 3c3b 1a07 

  0x0000016b1c469a44: ;   {metadata({method} {0x0000016b735dff98} 'publicFindLoaded' '(Ljava/lang/String;)Ljava/lang/Class;' in 'org/eclipse/osgi/internal/loader/ModuleClassLoader')}
  0x0000016b1c469a44: 49ba 90ff | 5d73 6b01 | 0000 4c89 | 5424 0848 | c704 24ff 

  0x0000016b1c469a58: ;   {runtime_call counter_overflow Runtime1 stub}
  0x0000016b1c469a58: ffff ffe8 

  0x0000016b1c469a5c: ; ImmutableOopMap {rax=Oop [160]=Oop [168]=Oop [208]=Oop }
                      ;*synchronization entry
                      ; - org.eclipse.osgi.internal.loader.ModuleClassLoader::publicFindLoaded@-1 (line 323)
                      ; - org.eclipse.osgi.internal.loader.BundleLoader::findClass0@234 (line 509)
  0x0000016b1c469a5c: 208c 1a07 | e987 dfff 

  0x0000016b1c469a64: ;   {metadata({method} {0x0000016b73624b48} 'getClassLoadingLock' '(Ljava/lang/String;)Ljava/lang/Object;' in 'org/eclipse/osgi/internal/loader/ModuleClassLoader')}
  0x0000016b1c469a64: ff49 ba40 | 4b62 736b | 0100 004c | 8954 2408 | 48c7 0424 | ffff ffff 

  0x0000016b1c469a7c: ;   {runtime_call counter_overflow Runtime1 stub}
  0x0000016b1c469a7c: e8ff 8b1a 

  0x0000016b1c469a80: ; ImmutableOopMap {rax=Oop [160]=Oop [168]=Oop [208]=Oop }
                      ;*synchronization entry
                      ; - org.eclipse.osgi.internal.loader.ModuleClassLoader::getClassLoadingLock@-1 (line 437)
                      ; - org.eclipse.osgi.internal.loader.ModuleClassLoader::publicFindLoaded@2 (line 323)
                      ; - org.eclipse.osgi.internal.loader.BundleLoader::findClass0@234 (line 509)
  0x0000016b1c469a80: 07e9 23e0 

  0x0000016b1c469a84: ;   {runtime_call throw_null_pointer_exception Runtime1 stub}
  0x0000016b1c469a84: ffff e8f5 

  0x0000016b1c469a88: ; ImmutableOopMap {rax=Oop rdx=Oop [160]=Oop [168]=Oop [208]=Oop }
                      ;*invokevirtual getLock {reexecute=0 rethrow=0 return_oop=0}
                      ; - org.eclipse.osgi.internal.loader.ModuleClassLoader::getClassLoadingLock@5 (line 437)
                      ; - org.eclipse.osgi.internal.loader.ModuleClassLoader::publicFindLoaded@2 (line 323)
                      ; - org.eclipse.osgi.internal.loader.BundleLoader::findClass0@234 (line 509)
                      ;   {runtime_call throw_null_pointer_exception Runtime1 stub}
  0x0000016b1c469a88: 3a1a 07e8 

  0x0000016b1c469a8c: ; ImmutableOopMap {rsi=Oop [160]=Oop [168]=Oop [208]=Oop [280]=Oop [288]=Oop }
                      ;*monitorenter {reexecute=0 rethrow=0 return_oop=0}
                      ; - org.eclipse.osgi.internal.loader.ModuleClassLoader::publicFindLoaded@7 (line 323)
                      ; - org.eclipse.osgi.internal.loader.BundleLoader::findClass0@234 (line 509)
  0x0000016b1c469a8c: f03a 1a07 | 4889 7424 | 0848 8914 

  0x0000016b1c469a98: ;   {runtime_call monitorenter_nofpu Runtime1 stub}
  0x0000016b1c469a98: 24e8 e26a 

  0x0000016b1c469a9c: ; ImmutableOopMap {rsi=Oop [160]=Oop [168]=Oop [208]=Oop [280]=Oop [288]=Oop [344]=Oop }
                      ;*monitorenter {reexecute=0 rethrow=0 return_oop=0}
                      ; - org.eclipse.osgi.internal.loader.ModuleClassLoader::publicFindLoaded@7 (line 323)
                      ; - org.eclipse.osgi.internal.loader.BundleLoader::findClass0@234 (line 509)
  0x0000016b1c469a9c: 1a07 e986 

  0x0000016b1c469aa0: ;   {metadata({method} {0x0000016b304353e0} 'findLoadedClass' '(Ljava/lang/String;)Ljava/lang/Class;' in 'java/lang/ClassLoader')}
  0x0000016b1c469aa0: e0ff ff49 | bad8 5343 | 306b 0100 | 004c 8954 | 2408 48c7 | 0424 ffff 

  0x0000016b1c469ab8: ;   {runtime_call counter_overflow Runtime1 stub}
  0x0000016b1c469ab8: ffff e8c1 

  0x0000016b1c469abc: ; ImmutableOopMap {[160]=Oop [168]=Oop [208]=Oop [280]=Oop [288]=Oop [344]=Oop }
                      ;*synchronization entry
                      ; - java.lang.ClassLoader::findLoadedClass@-1
                      ; - org.eclipse.osgi.internal.loader.ModuleClassLoader::publicFindLoaded@10 (line 324)
                      ; - org.eclipse.osgi.internal.loader.BundleLoader::findClass0@234 (line 509)
  0x0000016b1c469abc: 8b1a 07e9 | a6e0 ffff | 488d 8424 | 5001 0000 | 4889 0424 

  0x0000016b1c469ad0: ;   {runtime_call monitorexit_nofpu Runtime1 stub}
  0x0000016b1c469ad0: e8ab 701a | 07e9 5fe1 

  0x0000016b1c469ad8: ;   {internal_word}
  0x0000016b1c469ad8: ffff 49ba | 737c 461c | 6b01 0000 | 4d89 9768 

  0x0000016b1c469ae8: ;   {runtime_call SafepointBlob}
  0x0000016b1c469ae8: 0400 00e9 | 10b0 0f07 

  0x0000016b1c469af0: ;   {runtime_call fast_new_instance Runtime1 stub}
  0x0000016b1c469af0: 488b d2e8 

  0x0000016b1c469af4: ; ImmutableOopMap {r9=Oop [160]=Oop [168]=Oop [184]=Oop [208]=Oop [304]=Oop [312]=Oop }
                      ;*new {reexecute=0 rethrow=0 return_oop=0}
                      ; - org.eclipse.osgi.internal.loader.BundleLoader::findClass0@281 (line 520)
  0x0000016b1c469af4: 8843 1a07 | e9ae e2ff 

  0x0000016b1c469afc: ;   {metadata({method} {0x0000016b30461da8} '<init>' '(Ljava/lang/String;)V' in 'java/lang/StringBuilder')}
  0x0000016b1c469afc: ff49 baa0 | 1d46 306b | 0100 004c | 8954 2408 | 48c7 0424 | ffff ffff 

  0x0000016b1c469b14: ;   {runtime_call counter_overflow Runtime1 stub}
  0x0000016b1c469b14: e867 8b1a 

  0x0000016b1c469b18: ; ImmutableOopMap {r9=Oop rax=Oop [160]=Oop [168]=Oop [184]=Oop [208]=Oop [304]=Oop [312]=Oop }
                      ;*synchronization entry
                      ; - java.lang.StringBuilder::<init>@-1
                      ; - org.eclipse.osgi.internal.loader.BundleLoader::findClass0@288 (line 520)
  0x0000016b1c469b18: 07e9 cbe2 

  0x0000016b1c469b1c: ;   {metadata({method} {0x0000016b30461b40} 'append' '(Ljava/lang/Object;)Ljava/lang/StringBuilder;' in 'java/lang/StringBuilder')}
  0x0000016b1c469b1c: ffff 49ba | 381b 4630 | 6b01 0000 | 4c89 5424 | 0848 c704 | 24ff ffff 

  0x0000016b1c469b34: ;   {runtime_call counter_overflow Runtime1 stub}
  0x0000016b1c469b34: ffe8 468b 

  0x0000016b1c469b38: ; ImmutableOopMap {[160]=Oop [168]=Oop [184]=Oop [208]=Oop [296]=Oop [304]=Oop [312]=Oop }
                      ;*synchronization entry
                      ; - java.lang.StringBuilder::append@-1
                      ; - org.eclipse.osgi.internal.loader.BundleLoader::findClass0@292 (line 520)
  0x0000016b1c469b38: 1a07 e926 

  0x0000016b1c469b3c: ;   {metadata({method} {0x0000016b30455280} 'valueOf' '(Ljava/lang/Object;)Ljava/lang/String;' in 'java/lang/String')}
  0x0000016b1c469b3c: e3ff ff49 | ba78 5245 | 306b 0100 | 004c 8954 | 2408 48c7 | 0424 ffff 

  0x0000016b1c469b54: ;   {runtime_call counter_overflow Runtime1 stub}
  0x0000016b1c469b54: ffff e825 

  0x0000016b1c469b58: ; ImmutableOopMap {[160]=Oop [168]=Oop [184]=Oop [208]=Oop [296]=Oop [304]=Oop [312]=Oop }
                      ;*synchronization entry
                      ; - java.lang.String::valueOf@-1
                      ; - java.lang.StringBuilder::append@2
                      ; - org.eclipse.osgi.internal.loader.BundleLoader::findClass0@292 (line 520)
  0x0000016b1c469b58: 8b1a 07e9 | 3ee3 ffff 

  0x0000016b1c469b60: ;   {metadata({method} {0x0000016b30461ae8} 'append' '(Ljava/lang/String;)Ljava/lang/StringBuilder;' in 'java/lang/StringBuilder')}
  0x0000016b1c469b60: 49ba e01a | 4630 6b01 | 0000 4c89 | 5424 0848 | c704 24ff 

  0x0000016b1c469b74: ;   {runtime_call counter_overflow Runtime1 stub}
  0x0000016b1c469b74: ffff ffe8 

  0x0000016b1c469b78: ; ImmutableOopMap {rax=Oop [160]=Oop [168]=Oop [184]=Oop [208]=Oop [296]=Oop [304]=Oop [312]=Oop }
                      ;*synchronization entry
                      ; - java.lang.StringBuilder::append@-1
                      ; - java.lang.StringBuilder::append@5
                      ; - org.eclipse.osgi.internal.loader.BundleLoader::findClass0@292 (line 520)
  0x0000016b1c469b78: 048b 1a07 | e91e e4ff 

  0x0000016b1c469b80: ;   {metadata({method} {0x0000016b30461ae8} 'append' '(Ljava/lang/String;)Ljava/lang/StringBuilder;' in 'java/lang/StringBuilder')}
  0x0000016b1c469b80: ff49 bae0 | 1a46 306b | 0100 004c | 8954 2408 | 48c7 0424 | ffff ffff 

  0x0000016b1c469b98: ;   {runtime_call counter_overflow Runtime1 stub}
  0x0000016b1c469b98: e8e3 8a1a 

  0x0000016b1c469b9c: ; ImmutableOopMap {[160]=Oop [168]=Oop [184]=Oop [208]=Oop [296]=Oop [304]=Oop [312]=Oop }
                      ;*synchronization entry
                      ; - java.lang.StringBuilder::append@-1
                      ; - org.eclipse.osgi.internal.loader.BundleLoader::findClass0@298 (line 520)
  0x0000016b1c469b9c: 07e9 75e4 

  0x0000016b1c469ba0: ;   {metadata({method} {0x0000016b30461b40} 'append' '(Ljava/lang/Object;)Ljava/lang/StringBuilder;' in 'java/lang/StringBuilder')}
  0x0000016b1c469ba0: ffff 49ba | 381b 4630 | 6b01 0000 | 4c89 5424 | 0848 c704 | 24ff ffff 

  0x0000016b1c469bb8: ;   {runtime_call counter_overflow Runtime1 stub}
  0x0000016b1c469bb8: ffe8 c28a 

  0x0000016b1c469bbc: ; ImmutableOopMap {[160]=Oop [168]=Oop [184]=Oop [208]=Oop [296]=Oop [304]=Oop [312]=Oop }
                      ;*synchronization entry
                      ; - java.lang.StringBuilder::append@-1
                      ; - org.eclipse.osgi.internal.loader.BundleLoader::findClass0@303 (line 520)
  0x0000016b1c469bbc: 1a07 e9d2 

  0x0000016b1c469bc0: ;   {metadata({method} {0x0000016b30455280} 'valueOf' '(Ljava/lang/Object;)Ljava/lang/String;' in 'java/lang/String')}
  0x0000016b1c469bc0: e4ff ff49 | ba78 5245 | 306b 0100 | 004c 8954 | 2408 48c7 | 0424 ffff 

  0x0000016b1c469bd8: ;   {runtime_call counter_overflow Runtime1 stub}
  0x0000016b1c469bd8: ffff e8a1 

  0x0000016b1c469bdc: ; ImmutableOopMap {[160]=Oop [168]=Oop [184]=Oop [208]=Oop [296]=Oop [304]=Oop [312]=Oop }
                      ;*synchronization entry
                      ; - java.lang.String::valueOf@-1
                      ; - java.lang.StringBuilder::append@2
                      ; - org.eclipse.osgi.internal.loader.BundleLoader::findClass0@303 (line 520)
  0x0000016b1c469bdc: 8a1a 07e9 | eae4 ffff 

  0x0000016b1c469be4: ;   {runtime_call throw_null_pointer_exception Runtime1 stub}
  0x0000016b1c469be4: e897 391a 

  0x0000016b1c469be8: ; ImmutableOopMap {rax=Oop [160]=Oop [168]=Oop [184]=Oop [208]=Oop [296]=Oop [304]=Oop [312]=Oop }
                      ;*invokevirtual toString {reexecute=0 rethrow=0 return_oop=0}
                      ; - java.lang.String::valueOf@11
                      ; - java.lang.StringBuilder::append@2
                      ; - org.eclipse.osgi.internal.loader.BundleLoader::findClass0@303 (line 520)
                      ;   {metadata({method} {0x0000016b30461ae8} 'append' '(Ljava/lang/String;)Ljava/lang/StringBuilder;' in 'java/lang/StringBuilder')}
  0x0000016b1c469be8: 0749 bae0 | 1a46 306b | 0100 004c | 8954 2408 | 48c7 0424 | ffff ffff 

  0x0000016b1c469c00: ;   {runtime_call counter_overflow Runtime1 stub}
  0x0000016b1c469c00: e87b 8a1a 

  0x0000016b1c469c04: ; ImmutableOopMap {rsi=Oop [160]=Oop [168]=Oop [184]=Oop [208]=Oop [296]=Oop [304]=Oop [312]=Oop }
                      ;*synchronization entry
                      ; - java.lang.StringBuilder::append@-1
                      ; - java.lang.StringBuilder::append@5
                      ; - org.eclipse.osgi.internal.loader.BundleLoader::findClass0@303 (line 520)
  0x0000016b1c469c04: 07e9 08e6 

  0x0000016b1c469c08: ;   {metadata({method} {0x0000016b30008958} 'toString' '()Ljava/lang/String;' in 'java/lang/StringBuilder')}
  0x0000016b1c469c08: ffff 49ba | 5089 0030 | 6b01 0000 | 4c89 5424 | 0848 c704 | 24ff ffff 

  0x0000016b1c469c20: ;   {runtime_call counter_overflow Runtime1 stub}
  0x0000016b1c469c20: ffe8 5a8a 

  0x0000016b1c469c24: ; ImmutableOopMap {r8=Oop [160]=Oop [168]=Oop [184]=Oop [208]=Oop [304]=Oop [312]=Oop }
                      ;*synchronization entry
                      ; - java.lang.StringBuilder::toString@-1
                      ; - org.eclipse.osgi.internal.loader.BundleLoader::findClass0@306 (line 520)
  0x0000016b1c469c24: 1a07 e95d | e6ff ff48 

  0x0000016b1c469c2c: ;   {runtime_call fast_new_instance Runtime1 stub}
  0x0000016b1c469c2c: 8bd2 e84d 

  0x0000016b1c469c30: ; ImmutableOopMap {r8=Oop [160]=Oop [168]=Oop [184]=Oop [208]=Oop [304]=Oop [312]=Oop }
                      ;*new {reexecute=0 rethrow=0 return_oop=0}
                      ; - java.lang.StringBuilder::toString@0
                      ; - org.eclipse.osgi.internal.loader.BundleLoader::findClass0@306 (line 520)
  0x0000016b1c469c30: 421a 07e9 | a0e6 ffff 

  0x0000016b1c469c38: ;   {metadata({method} {0x0000016b30455dd8} '<init>' '(Ljava/lang/StringBuilder;)V' in 'java/lang/String')}
  0x0000016b1c469c38: 49ba d05d | 4530 6b01 | 0000 4c89 | 5424 0848 | c704 24ff 

  0x0000016b1c469c4c: ;   {runtime_call counter_overflow Runtime1 stub}
  0x0000016b1c469c4c: ffff ffe8 

  0x0000016b1c469c50: ; ImmutableOopMap {r8=Oop rax=Oop [160]=Oop [168]=Oop [184]=Oop [208]=Oop [304]=Oop [312]=Oop }
                      ;*synchronization entry
                      ; - java.lang.String::<init>@-1
                      ; - java.lang.StringBuilder::toString@5
                      ; - org.eclipse.osgi.internal.loader.BundleLoader::findClass0@306 (line 520)
  0x0000016b1c469c50: 2c8a 1a07 | e9bb e6ff 

  0x0000016b1c469c58: ;   {runtime_call throw_null_pointer_exception Runtime1 stub}
  0x0000016b1c469c58: ffe8 2239 

  0x0000016b1c469c5c: ; ImmutableOopMap {r9=Oop [160]=Oop [168]=Oop [184]=Oop [208]=Oop [304]=Oop [312]=Oop [320]=Oop }
                      ;*invokevirtual trace {reexecute=0 rethrow=0 return_oop=0}
                      ; - org.eclipse.osgi.internal.loader.BundleLoader::findClass0@309 (line 519)
                      ;   {metadata({method} {0x0000016b734e5400} 'trace' '(Ljava/lang/String;Ljava/lang/String;)V' in 'org/eclipse/osgi/internal/debug/Debug')}
  0x0000016b1c469c5c: 1a07 49ba | f853 4e73 | 6b01 0000 | 4c89 5424 | 0848 c704 | 24ff ffff 

  0x0000016b1c469c74: ;   {runtime_call counter_overflow Runtime1 stub}
  0x0000016b1c469c74: ffe8 068a 

  0x0000016b1c469c78: ; ImmutableOopMap {r9=Oop [160]=Oop [168]=Oop [184]=Oop [208]=Oop [304]=Oop [312]=Oop [320]=Oop }
                      ;*synchronization entry
                      ; - org.eclipse.osgi.internal.debug.Debug::trace@-1 (line 256)
                      ; - org.eclipse.osgi.internal.loader.BundleLoader::findClass0@309 (line 519)
  0x0000016b1c469c78: 1a07 e927 

  0x0000016b1c469c7c: ;   {runtime_call throw_incompatible_class_change_error Runtime1 stub}
  0x0000016b1c469c7c: e7ff ffe8 

  0x0000016b1c469c80: ; ImmutableOopMap {rdx=Oop [160]=Oop [168]=Oop [184]=Oop [208]=Oop [304]=Oop [320]=Oop }
                      ;*invokeinterface getLogger {reexecute=0 rethrow=0 return_oop=0}
                      ; - org.eclipse.osgi.internal.debug.Debug::trace@11 (line 265)
                      ; - org.eclipse.osgi.internal.loader.BundleLoader::findClass0@309 (line 519)
  0x0000016b1c469c80: fc5f 1a07 

  0x0000016b1c469c84: ;   {runtime_call throw_null_pointer_exception Runtime1 stub}
  0x0000016b1c469c84: e8f7 381a 

  0x0000016b1c469c88: ; ImmutableOopMap {rdx=Oop [160]=Oop [168]=Oop [184]=Oop [208]=Oop [304]=Oop [320]=Oop }
                      ;*invokeinterface getLogger {reexecute=0 rethrow=0 return_oop=0}
                      ; - org.eclipse.osgi.internal.debug.Debug::trace@11 (line 265)
                      ; - org.eclipse.osgi.internal.loader.BundleLoader::findClass0@309 (line 519)
                      ;   {metadata({method} {0x0000016b7350ca90} 'getLogger' '(Ljava/lang/String;)Lorg/osgi/service/log/Logger;' in 'org/eclipse/osgi/internal/log/ExtendedLogServiceImpl')}
  0x0000016b1c469c88: 0749 ba88 | ca50 736b | 0100 004c | 8954 2408 | 48c7 0424 | ffff ffff 

  0x0000016b1c469ca0: ;   {runtime_call counter_overflow Runtime1 stub}
  0x0000016b1c469ca0: e8db 891a 

  0x0000016b1c469ca4: ; ImmutableOopMap {rdx=Oop [160]=Oop [168]=Oop [184]=Oop [208]=Oop [304]=Oop [320]=Oop }
                      ;*synchronization entry
                      ; - org.eclipse.osgi.internal.log.ExtendedLogServiceImpl::getLogger@-1 (line 1)
                      ; - org.eclipse.osgi.internal.debug.Debug::trace@11 (line 265)
                      ; - org.eclipse.osgi.internal.loader.BundleLoader::findClass0@309 (line 519)
  0x0000016b1c469ca4: 07e9 b9e7 

  0x0000016b1c469ca8: ;   {metadata({method} {0x0000016b7350a318} 'getLogger' '(Ljava/lang/String;)Lorg/eclipse/equinox/log/Logger;' in 'org/eclipse/osgi/internal/log/ExtendedLogServiceImpl')}
  0x0000016b1c469ca8: ffff 49ba | 10a3 5073 | 6b01 0000 | 4c89 5424 | 0848 c704 | 24ff ffff 

  0x0000016b1c469cc0: ;   {runtime_call counter_overflow Runtime1 stub}
  0x0000016b1c469cc0: ffe8 ba89 

  0x0000016b1c469cc4: ; ImmutableOopMap {rdx=Oop [160]=Oop [168]=Oop [184]=Oop [208]=Oop [304]=Oop [320]=Oop }
                      ;*synchronization entry
                      ; - org.eclipse.osgi.internal.log.ExtendedLogServiceImpl::getLogger@-1 (line 73)
                      ; - org.eclipse.osgi.internal.log.ExtendedLogServiceImpl::getLogger@2 (line 1)
                      ; - org.eclipse.osgi.internal.debug.Debug::trace@11 (line 265)
                      ; - org.eclipse.osgi.internal.loader.BundleLoader::findClass0@309 (line 519)
  0x0000016b1c469cc4: 1a07 e9ea | e7ff ff48 

  0x0000016b1c469ccc: ;   {runtime_call throw_class_cast_exception Runtime1 stub}
  0x0000016b1c469ccc: 8904 24e8 

  0x0000016b1c469cd0: ; ImmutableOopMap {[160]=Oop [168]=Oop [184]=Oop [208]=Oop [304]=Oop [320]=Oop }
                      ;*checkcast {reexecute=0 rethrow=0 return_oop=0}
                      ; - org.eclipse.osgi.internal.log.ExtendedLogServiceImpl::getLogger@7 (line 73)
                      ; - org.eclipse.osgi.internal.log.ExtendedLogServiceImpl::getLogger@2 (line 1)
                      ; - org.eclipse.osgi.internal.debug.Debug::trace@11 (line 265)
                      ; - org.eclipse.osgi.internal.loader.BundleLoader::findClass0@309 (line 519)
  0x0000016b1c469cd0: ac5c 1a07 

  0x0000016b1c469cd4: ;   {runtime_call throw_null_pointer_exception Runtime1 stub}
  0x0000016b1c469cd4: e8a7 381a 

  0x0000016b1c469cd8: ; ImmutableOopMap {rdx=Oop [160]=Oop [168]=Oop [184]=Oop [208]=Oop [304]=Oop [320]=Oop }
                      ;*invokeinterface debug {reexecute=0 rethrow=0 return_oop=0}
                      ; - org.eclipse.osgi.internal.debug.Debug::trace@17 (line 265)
                      ; - org.eclipse.osgi.internal.loader.BundleLoader::findClass0@309 (line 519)
                      ;   {runtime_call throw_null_pointer_exception Runtime1 stub}
  0x0000016b1c469cd8: 07e8 a238 

  0x0000016b1c469cdc: ; ImmutableOopMap {rax=Oop rdx=Oop [160]=Oop [168]=Oop [184]=Oop [208]=Oop [304]=Oop }
                      ;*invokevirtual println {reexecute=0 rethrow=0 return_oop=0}
                      ; - org.eclipse.osgi.internal.debug.Debug::trace@29 (line 267)
                      ; - org.eclipse.osgi.internal.loader.BundleLoader::findClass0@309 (line 519)
                      ;   {runtime_call throw_null_pointer_exception Runtime1 stub}
  0x0000016b1c469cdc: 1a07 e89d 

  0x0000016b1c469ce0: ; ImmutableOopMap {rax=Oop [160]=Oop [168]=Oop [184]=Oop [208]=Oop [304]=Oop }
                      ;*invokevirtual loadClass {reexecute=0 rethrow=0 return_oop=0}
                      ; - org.eclipse.osgi.internal.loader.BundleLoader::findClass0@315 (line 523)
  0x0000016b1c469ce0: 381a 0748 

  0x0000016b1c469ce4: ;   {runtime_call throw_class_cast_exception Runtime1 stub}
  0x0000016b1c469ce4: 8904 24e8 

  0x0000016b1c469ce8: ; ImmutableOopMap {[160]=Oop [168]=Oop [208]=Oop [328]=Oop }
                      ;*checkcast {reexecute=0 rethrow=0 return_oop=0}
                      ; - org.eclipse.osgi.internal.loader.BundleLoader::findClass0@394 (line 544)
  0x0000016b1c469ce8: 945c 1a07 

  0x0000016b1c469cec: ;   {runtime_call throw_null_pointer_exception Runtime1 stub}
  0x0000016b1c469cec: e88f 381a 

  0x0000016b1c469cf0: ; ImmutableOopMap {rax=Oop [160]=Oop [168]=Oop [208]=Oop }
                      ;*invokevirtual loadClass {reexecute=0 rethrow=0 return_oop=0}
                      ; - org.eclipse.osgi.internal.loader.BundleLoader::findClass0@361 (line 535)
                      ;   {internal_word}
  0x0000016b1c469cf0: 0749 ba3b | 8c46 1c6b | 0100 004d | 8997 6804 

  0x0000016b1c469d00: ;   {runtime_call SafepointBlob}
  0x0000016b1c469d00: 0000 e9f9 

  0x0000016b1c469d04: ;   {runtime_call throw_null_pointer_exception Runtime1 stub}
  0x0000016b1c469d04: ad0f 07e8 

  0x0000016b1c469d08: ; ImmutableOopMap {rdi=Oop [160]=Oop [168]=Oop [208]=Oop }
                      ;*invokevirtual doBuddyClassLoading {reexecute=0 rethrow=0 return_oop=0}
                      ; - org.eclipse.osgi.internal.loader.BundleLoader::findClass0@421 (line 550)
  0x0000016b1c469d08: 7438 1a07 

  0x0000016b1c469d0c: ;   {runtime_call throw_null_pointer_exception Runtime1 stub}
  0x0000016b1c469d0c: e86f 381a 

  0x0000016b1c469d10: ; ImmutableOopMap {rdx=Oop rsi=Oop [160]=Oop [168]=Oop [208]=Oop }
                      ;*invokevirtual getConfiguration {reexecute=0 rethrow=0 return_oop=0}
                      ; - org.eclipse.osgi.internal.loader.BundleLoader::findClass0@454 (line 556)
                      ;   {runtime_call throw_null_pointer_exception Runtime1 stub}
  0x0000016b1c469d10: 07e8 6a38 

  0x0000016b1c469d14: ; ImmutableOopMap {rdx=Oop [160]=Oop [168]=Oop [208]=Oop }
                      ;*getfield compatibilityBootDelegation {reexecute=1 rethrow=0 return_oop=0}
                      ; - (reexecute) org.eclipse.osgi.internal.loader.BundleLoader::findClass0@457 (line 556)
                      ;   {runtime_call throw_null_pointer_exception Runtime1 stub}
  0x0000016b1c469d14: 1a07 e865 

  0x0000016b1c469d18: ; ImmutableOopMap {rdx=Oop rsi=Oop [160]=Oop [168]=Oop [208]=Oop }
                      ;*invokevirtual loadClass {reexecute=0 rethrow=0 return_oop=0}
                      ; - org.eclipse.osgi.internal.loader.BundleLoader::findClass0@475 (line 559)
                      ;   {metadata({method} {0x0000016b300143f0} 'loadClass' '(Ljava/lang/String;)Ljava/lang/Class;' in 'java/lang/ClassLoader')}
  0x0000016b1c469d18: 381a 0749 | bae8 4301 | 306b 0100 | 004c 8954 | 2408 48c7 | 0424 ffff 

  0x0000016b1c469d30: ;   {runtime_call counter_overflow Runtime1 stub}
  0x0000016b1c469d30: ffff e849 

  0x0000016b1c469d34: ; ImmutableOopMap {rdx=Oop rsi=Oop [160]=Oop [168]=Oop [208]=Oop }
                      ;*synchronization entry
                      ; - java.lang.ClassLoader::loadClass@-1
                      ; - org.eclipse.osgi.internal.loader.BundleLoader::findClass0@475 (line 559)
  0x0000016b1c469d34: 891a 07e9 | c5f2 ffff 

  0x0000016b1c469d3c: ;   {internal_word}
  0x0000016b1c469d3c: 49ba cc90 | 461c 6b01 | 0000 4d89 | 9768 0400 

  0x0000016b1c469d4c: ;   {runtime_call SafepointBlob}
  0x0000016b1c469d4c: 00e9 aead 

  0x0000016b1c469d50: ;   {internal_word}
  0x0000016b1c469d50: 0f07 49ba | e590 461c | 6b01 0000 | 4d89 9768 

  0x0000016b1c469d60: ;   {runtime_call SafepointBlob}
  0x0000016b1c469d60: 0400 00e9 | 98ad 0f07 

  0x0000016b1c469d68: ;   {internal_word}
  0x0000016b1c469d68: 49ba fb90 | 461c 6b01 | 0000 4d89 | 9768 0400 

  0x0000016b1c469d78: ;   {runtime_call SafepointBlob}
  0x0000016b1c469d78: 00e9 82ad 

  0x0000016b1c469d7c: ;   {internal_word}
  0x0000016b1c469d7c: 0f07 49ba | 5c91 461c | 6b01 0000 | 4d89 9768 

  0x0000016b1c469d8c: ;   {runtime_call SafepointBlob}
  0x0000016b1c469d8c: 0400 00e9 | 6cad 0f07 

  0x0000016b1c469d94: ;   {internal_word}
  0x0000016b1c469d94: 49ba 7591 | 461c 6b01 | 0000 4d89 | 9768 0400 

  0x0000016b1c469da4: ;   {runtime_call SafepointBlob}
  0x0000016b1c469da4: 00e9 56ad 

  0x0000016b1c469da8: ;   {internal_word}
  0x0000016b1c469da8: 0f07 49ba | 8b91 461c | 6b01 0000 | 4d89 9768 

  0x0000016b1c469db8: ;   {runtime_call SafepointBlob}
  0x0000016b1c469db8: 0400 00e9 | 40ad 0f07 

  0x0000016b1c469dc0: ;   {internal_word}
  0x0000016b1c469dc0: 49ba ec91 | 461c 6b01 | 0000 4d89 | 9768 0400 

  0x0000016b1c469dd0: ;   {runtime_call SafepointBlob}
  0x0000016b1c469dd0: 00e9 2aad 

  0x0000016b1c469dd4: ;   {internal_word}
  0x0000016b1c469dd4: 0f07 49ba | 0292 461c | 6b01 0000 | 4d89 9768 

  0x0000016b1c469de4: ;   {runtime_call SafepointBlob}
  0x0000016b1c469de4: 0400 00e9 | 14ad 0f07 

  0x0000016b1c469dec: ;   {internal_word}
  0x0000016b1c469dec: 49ba 1892 | 461c 6b01 | 0000 4d89 | 9768 0400 

  0x0000016b1c469dfc: ;   {runtime_call SafepointBlob}
  0x0000016b1c469dfc: 00e9 feac 

  0x0000016b1c469e00: ;   {runtime_call throw_null_pointer_exception Runtime1 stub}
  0x0000016b1c469e00: 0f07 e879 

  0x0000016b1c469e04: ; ImmutableOopMap {rdx=Oop [160]=Oop }
                      ;*invokevirtual loadClass {reexecute=0 rethrow=0 return_oop=0}
                      ; - org.eclipse.osgi.internal.loader.BundleLoader::findClass0@25 (line 470)
                      ;   {metadata({method} {0x0000016b300143f0} 'loadClass' '(Ljava/lang/String;)Ljava/lang/Class;' in 'java/lang/ClassLoader')}
  0x0000016b1c469e04: 371a 0749 | bae8 4301 | 306b 0100 | 004c 8954 | 2408 48c7 | 0424 ffff 

  0x0000016b1c469e1c: ;   {runtime_call counter_overflow Runtime1 stub}
  0x0000016b1c469e1c: ffff e85d 

  0x0000016b1c469e20: ; ImmutableOopMap {rdx=Oop [160]=Oop }
                      ;*synchronization entry
                      ; - java.lang.ClassLoader::loadClass@-1
                      ; - org.eclipse.osgi.internal.loader.BundleLoader::findClass0@25 (line 470)
  0x0000016b1c469e20: 881a 07e9 | ccf4 ffff 

  0x0000016b1c469e28: ;   {internal_word}
  0x0000016b1c469e28: 49ba bc93 | 461c 6b01 | 0000 4d89 | 9768 0400 

  0x0000016b1c469e38: ;   {runtime_call SafepointBlob}
  0x0000016b1c469e38: 00e9 c2ac 

  0x0000016b1c469e3c: ;   {internal_word}
  0x0000016b1c469e3c: 0f07 49ba | 3494 461c | 6b01 0000 | 4d89 9768 

  0x0000016b1c469e4c: ;   {runtime_call SafepointBlob}
  0x0000016b1c469e4c: 0400 00e9 | acac 0f07 | 488d 8424 | 5001 0000 | 4889 0424 

  0x0000016b1c469e60: ;   {runtime_call monitorexit_nofpu Runtime1 stub}
  0x0000016b1c469e60: e81b 6d1a | 07e9 20f6 | ffff 488d | 8424 5001 | 0000 4889 

  0x0000016b1c469e74: ;   {runtime_call monitorexit_nofpu Runtime1 stub}
  0x0000016b1c469e74: 0424 e805 | 6d1a 07e9 | 5af6 ffff | 498b 8700 | 0500 0049 | c787 0005 | 0000 0000 | 0000 49c7 
  0x0000016b1c469e94: 8708 0500 | 0000 0000 | 0048 81c4 | 7001 0000 

  0x0000016b1c469ea4: ;   {runtime_call unwind_exception Runtime1 stub}
  0x0000016b1c469ea4: 5de9 5657 | 1107 f4f4 | f4f4 f4f4 
[Stub Code]
  0x0000016b1c469eb0: ;   {no_reloc}
  0x0000016b1c469eb0: 0f1f 4400 

  0x0000016b1c469eb4: ;   {static_stub}
  0x0000016b1c469eb4: 0048 bb00 | 0000 0000 

  0x0000016b1c469ebc: ;   {runtime_call nmethod}
  0x0000016b1c469ebc: 0000 00e9 | fbff ffff 

  0x0000016b1c469ec4: ;   {static_stub}
  0x0000016b1c469ec4: 9048 bb00 | 0000 0000 

  0x0000016b1c469ecc: ;   {runtime_call nmethod}
  0x0000016b1c469ecc: 0000 00e9 | fbff ffff 

  0x0000016b1c469ed4: ;   {static_stub}
  0x0000016b1c469ed4: 9048 bb00 | 0000 0000 

  0x0000016b1c469edc: ;   {runtime_call nmethod}
  0x0000016b1c469edc: 0000 00e9 | fbff ffff 

  0x0000016b1c469ee4: ;   {static_stub}
  0x0000016b1c469ee4: 9048 bb00 | 0000 0000 

  0x0000016b1c469eec: ;   {runtime_call nmethod}
  0x0000016b1c469eec: 0000 00e9 | fbff ffff 

  0x0000016b1c469ef4: ;   {static_stub}
  0x0000016b1c469ef4: 9048 bb00 | 0000 0000 

  0x0000016b1c469efc: ;   {runtime_call nmethod}
  0x0000016b1c469efc: 0000 00e9 | fbff ffff 

  0x0000016b1c469f04: ;   {static_stub}
  0x0000016b1c469f04: 9048 bb00 | 0000 0000 

  0x0000016b1c469f0c: ;   {runtime_call nmethod}
  0x0000016b1c469f0c: 0000 00e9 | fbff ffff 

  0x0000016b1c469f14: ;   {static_stub}
  0x0000016b1c469f14: 9048 bb00 | 0000 0000 

  0x0000016b1c469f1c: ;   {runtime_call nmethod}
  0x0000016b1c469f1c: 0000 00e9 | fbff ffff 

  0x0000016b1c469f24: ;   {static_stub}
  0x0000016b1c469f24: 9048 bb00 | 0000 0000 

  0x0000016b1c469f2c: ;   {runtime_call nmethod}
  0x0000016b1c469f2c: 0000 00e9 | fbff ffff 

  0x0000016b1c469f34: ;   {static_stub}
  0x0000016b1c469f34: 9048 bb00 | 0000 0000 

  0x0000016b1c469f3c: ;   {runtime_call nmethod}
  0x0000016b1c469f3c: 0000 00e9 | fbff ffff 

  0x0000016b1c469f44: ;   {static_stub}
  0x0000016b1c469f44: 9048 bb20 | 7d4a 736b 

  0x0000016b1c469f4c: ;   {runtime_call I2C/C2I adapters}
  0x0000016b1c469f4c: 0100 00e9 | 1398 0f07 

  0x0000016b1c469f54: ;   {static_stub}
  0x0000016b1c469f54: 9048 bb00 | 0000 0000 

  0x0000016b1c469f5c: ;   {runtime_call nmethod}
  0x0000016b1c469f5c: 0000 00e9 | fbff ffff 

  0x0000016b1c469f64: ;   {static_stub}
  0x0000016b1c469f64: 9048 bb00 | 0000 0000 

  0x0000016b1c469f6c: ;   {runtime_call nmethod}
  0x0000016b1c469f6c: 0000 00e9 | fbff ffff 

  0x0000016b1c469f74: ;   {static_stub}
  0x0000016b1c469f74: 9048 bb00 | 0000 0000 

  0x0000016b1c469f7c: ;   {runtime_call nmethod}
  0x0000016b1c469f7c: 0000 00e9 | fbff ffff 

  0x0000016b1c469f84: ;   {static_stub}
  0x0000016b1c469f84: 9048 bb00 | 0000 0000 

  0x0000016b1c469f8c: ;   {runtime_call nmethod}
  0x0000016b1c469f8c: 0000 00e9 | fbff ffff 

  0x0000016b1c469f94: ;   {static_stub}
  0x0000016b1c469f94: 9048 bb00 | 0000 0000 

  0x0000016b1c469f9c: ;   {runtime_call nmethod}
  0x0000016b1c469f9c: 0000 00e9 | fbff ffff 

  0x0000016b1c469fa4: ;   {static_stub}
  0x0000016b1c469fa4: 9048 bb00 | 0000 0000 

  0x0000016b1c469fac: ;   {runtime_call nmethod}
  0x0000016b1c469fac: 0000 00e9 | fbff ffff 

  0x0000016b1c469fb4: ;   {static_stub}
  0x0000016b1c469fb4: 9048 bb00 | 0000 0000 

  0x0000016b1c469fbc: ;   {runtime_call nmethod}
  0x0000016b1c469fbc: 0000 00e9 | fbff ffff 

  0x0000016b1c469fc4: ;   {static_stub}
  0x0000016b1c469fc4: 9048 bb00 | 0000 0000 

  0x0000016b1c469fcc: ;   {runtime_call nmethod}
  0x0000016b1c469fcc: 0000 00e9 | fbff ffff 

  0x0000016b1c469fd4: ;   {static_stub}
  0x0000016b1c469fd4: 9048 bb00 | 0000 0000 

  0x0000016b1c469fdc: ;   {runtime_call nmethod}
  0x0000016b1c469fdc: 0000 00e9 | fbff ffff 

  0x0000016b1c469fe4: ;   {static_stub}
  0x0000016b1c469fe4: 9048 bb00 | 0000 0000 

  0x0000016b1c469fec: ;   {runtime_call nmethod}
  0x0000016b1c469fec: 0000 00e9 | fbff ffff 

  0x0000016b1c469ff4: ;   {static_stub}
  0x0000016b1c469ff4: 9048 bb00 | 0000 0000 

  0x0000016b1c469ffc: ;   {runtime_call nmethod}
  0x0000016b1c469ffc: 0000 00e9 | fbff ffff 

  0x0000016b1c46a004: ;   {static_stub}
  0x0000016b1c46a004: 9048 bb00 | 0000 0000 

  0x0000016b1c46a00c: ;   {runtime_call nmethod}
  0x0000016b1c46a00c: 0000 00e9 | fbff ffff 

  0x0000016b1c46a014: ;   {static_stub}
  0x0000016b1c46a014: 9048 bb00 | 0000 0000 

  0x0000016b1c46a01c: ;   {runtime_call nmethod}
  0x0000016b1c46a01c: 0000 00e9 | fbff ffff 

  0x0000016b1c46a024: ;   {static_stub}
  0x0000016b1c46a024: 9048 bb00 | 0000 0000 

  0x0000016b1c46a02c: ;   {runtime_call nmethod}
  0x0000016b1c46a02c: 0000 00e9 | fbff ffff 

  0x0000016b1c46a034: ;   {static_stub}
  0x0000016b1c46a034: 9048 bb00 | 0000 0000 

  0x0000016b1c46a03c: ;   {runtime_call nmethod}
  0x0000016b1c46a03c: 0000 00e9 | fbff ffff 

  0x0000016b1c46a044: ;   {static_stub}
  0x0000016b1c46a044: 9048 bb00 | 0000 0000 

  0x0000016b1c46a04c: ;   {runtime_call nmethod}
  0x0000016b1c46a04c: 0000 00e9 | fbff ffff 

  0x0000016b1c46a054: ;   {static_stub}
  0x0000016b1c46a054: 9048 bb00 | 0000 0000 

  0x0000016b1c46a05c: ;   {runtime_call nmethod}
  0x0000016b1c46a05c: 0000 00e9 | fbff ffff 

  0x0000016b1c46a064: ;   {static_stub}
  0x0000016b1c46a064: 9048 bb00 | 0000 0000 

  0x0000016b1c46a06c: ;   {runtime_call nmethod}
  0x0000016b1c46a06c: 0000 00e9 | fbff ffff 

  0x0000016b1c46a074: ;   {static_stub}
  0x0000016b1c46a074: 9048 bb00 | 0000 0000 

  0x0000016b1c46a07c: ;   {runtime_call nmethod}
  0x0000016b1c46a07c: 0000 00e9 | fbff ffff 

  0x0000016b1c46a084: ;   {static_stub}
  0x0000016b1c46a084: 9048 bb00 | 0000 0000 

  0x0000016b1c46a08c: ;   {runtime_call nmethod}
  0x0000016b1c46a08c: 0000 00e9 | fbff ffff 

  0x0000016b1c46a094: ;   {static_stub}
  0x0000016b1c46a094: 9048 bb00 | 0000 0000 

  0x0000016b1c46a09c: ;   {runtime_call nmethod}
  0x0000016b1c46a09c: 0000 00e9 | fbff ffff 

  0x0000016b1c46a0a4: ;   {static_stub}
  0x0000016b1c46a0a4: 9048 bb00 | 0000 0000 

  0x0000016b1c46a0ac: ;   {runtime_call nmethod}
  0x0000016b1c46a0ac: 0000 00e9 | fbff ffff 

  0x0000016b1c46a0b4: ;   {static_stub}
  0x0000016b1c46a0b4: 9048 bb00 | 0000 0000 

  0x0000016b1c46a0bc: ;   {runtime_call nmethod}
  0x0000016b1c46a0bc: 0000 00e9 | fbff ffff 

  0x0000016b1c46a0c4: ;   {static_stub}
  0x0000016b1c46a0c4: 9048 bb00 | 0000 0000 

  0x0000016b1c46a0cc: ;   {runtime_call nmethod}
  0x0000016b1c46a0cc: 0000 00e9 | fbff ffff 

  0x0000016b1c46a0d4: ;   {static_stub}
  0x0000016b1c46a0d4: 9048 bb00 | 0000 0000 

  0x0000016b1c46a0dc: ;   {runtime_call nmethod}
  0x0000016b1c46a0dc: 0000 00e9 | fbff ffff 

  0x0000016b1c46a0e4: ;   {static_stub}
  0x0000016b1c46a0e4: 9048 bb00 | 0000 0000 

  0x0000016b1c46a0ec: ;   {runtime_call nmethod}
  0x0000016b1c46a0ec: 0000 00e9 | fbff ffff 

  0x0000016b1c46a0f4: ;   {static_stub}
  0x0000016b1c46a0f4: 48bb 0000 | 0000 0000 

  0x0000016b1c46a0fc: ;   {runtime_call nmethod}
  0x0000016b1c46a0fc: 0000 e9fb 

  0x0000016b1c46a100: ;   {static_stub}
  0x0000016b1c46a100: ffff ff48 | bb00 0000 | 0000 0000 

  0x0000016b1c46a10c: ;   {runtime_call nmethod}
  0x0000016b1c46a10c: 00e9 fbff 

  0x0000016b1c46a110: ;   {static_stub}
  0x0000016b1c46a110: ffff 48bb | 0000 0000 | 0000 0000 

  0x0000016b1c46a11c: ;   {runtime_call nmethod}
  0x0000016b1c46a11c: e9fb ffff 

  0x0000016b1c46a120: ;   {static_stub}
  0x0000016b1c46a120: ff48 bb00 | 0000 0000 

  0x0000016b1c46a128: ;   {runtime_call nmethod}
  0x0000016b1c46a128: 0000 00e9 | fbff ffff 

  0x0000016b1c46a130: ;   {static_stub}
  0x0000016b1c46a130: 48bb 0000 | 0000 0000 

  0x0000016b1c46a138: ;   {runtime_call nmethod}
  0x0000016b1c46a138: 0000 e9fb 

  0x0000016b1c46a13c: ;   {static_stub}
  0x0000016b1c46a13c: ffff ff48 | bbf8 cb58 | 736b 0100 

  0x0000016b1c46a148: ;   {runtime_call I2C/C2I adapters}
  0x0000016b1c46a148: 00e9 1df4 

  0x0000016b1c46a14c: ;   {static_stub}
  0x0000016b1c46a14c: 0e07 48bb | b0f7 5873 | 6b01 0000 

  0x0000016b1c46a158: ;   {runtime_call I2C/C2I adapters}
  0x0000016b1c46a158: e90a 960f 

  0x0000016b1c46a15c: ;   {static_stub}
  0x0000016b1c46a15c: 0748 bb00 | 0000 0000 

  0x0000016b1c46a164: ;   {runtime_call nmethod}
  0x0000016b1c46a164: 0000 00e9 | fbff ffff 

  0x0000016b1c46a16c: ;   {static_stub}
  0x0000016b1c46a16c: 48bb 0000 | 0000 0000 

  0x0000016b1c46a174: ;   {runtime_call nmethod}
  0x0000016b1c46a174: 0000 e9fb 

  0x0000016b1c46a178: ;   {static_stub}
  0x0000016b1c46a178: ffff ff48 | bb00 0000 | 0000 0000 

  0x0000016b1c46a184: ;   {runtime_call nmethod}
  0x0000016b1c46a184: 00e9 fbff 

  0x0000016b1c46a188: ;   {static_stub}
  0x0000016b1c46a188: ffff 48bb | 0000 0000 | 0000 0000 

  0x0000016b1c46a194: ;   {runtime_call nmethod}
  0x0000016b1c46a194: e9fb ffff 

  0x0000016b1c46a198: ;   {static_stub}
  0x0000016b1c46a198: ff48 bb90 | fc58 736b 

  0x0000016b1c46a1a0: ;   {runtime_call I2C/C2I adapters}
  0x0000016b1c46a1a0: 0100 00e9 | c30e 0f07 

  0x0000016b1c46a1a8: ;   {static_stub}
  0x0000016b1c46a1a8: 48bb c8f9 | 5873 6b01 

  0x0000016b1c46a1b0: ;   {runtime_call I2C/C2I adapters}
  0x0000016b1c46a1b0: 0000 e9b0 

  0x0000016b1c46a1b4: ;   {static_stub}
  0x0000016b1c46a1b4: 950f 0748 | bb00 0000 | 0000 0000 

  0x0000016b1c46a1c0: ;   {runtime_call nmethod}
  0x0000016b1c46a1c0: 00e9 fbff 

  0x0000016b1c46a1c4: ;   {runtime_call handle_exception_from_callee Runtime1 stub}
  0x0000016b1c46a1c4: ffff e8b5 

  0x0000016b1c46a1c8: ;   {external_word}
  0x0000016b1c46a1c8: 511a 0748 | b940 5381 | 14fb 7f00 | 0048 83e4 

  0x0000016b1c46a1d8: ;   {runtime_call}
  0x0000016b1c46a1d8: f048 b8b0 | c343 14fb | 7f00 00ff 

  0x0000016b1c46a1e4: ;   {section_word}
  0x0000016b1c46a1e4: d0f4 49ba | e6a1 461c | 6b01 0000 

  0x0000016b1c46a1f0: ;   {runtime_call DeoptimizationBlob}
  0x0000016b1c46a1f0: 4152 e9a9 | 9b0f 07f4 
[/MachCode]


---------------  P R O C E S S  ---------------

Threads class SMR info:
_java_thread_list=0x0000016b771ba9b0, length=16, elements={
0x0000016b18de6500, 0x0000016b18d57fa0, 0x0000016b18d59f90, 0x0000016b18d615f0,
0x0000016b18d5f310, 0x0000016b18d61ee0, 0x0000016b18d62940, 0x0000016b18d636d0,
0x0000016b72118120, 0x0000016b7231aac0, 0x0000016b72422b30, 0x0000016b726e5c50,
0x0000016b72a10250, 0x0000016b770dfa30, 0x0000016b7712b5f0, 0x0000016b7786a470
}

Java Threads: ( => current thread )
  0x0000016b18de6500 JavaThread "main"                              [_thread_blocked, id=4996, stack(0x000000584bc00000,0x000000584bd00000) (1024K)]
  0x0000016b18d57fa0 JavaThread "Reference Handler"          daemon [_thread_blocked, id=1116, stack(0x000000584c000000,0x000000584c100000) (1024K)]
  0x0000016b18d59f90 JavaThread "Finalizer"                  daemon [_thread_blocked, id=15860, stack(0x000000584c100000,0x000000584c200000) (1024K)]
  0x0000016b18d615f0 JavaThread "Signal Dispatcher"          daemon [_thread_blocked, id=19804, stack(0x000000584c200000,0x000000584c300000) (1024K)]
  0x0000016b18d5f310 JavaThread "Attach Listener"            daemon [_thread_blocked, id=2748, stack(0x000000584c300000,0x000000584c400000) (1024K)]
  0x0000016b18d61ee0 JavaThread "Service Thread"             daemon [_thread_blocked, id=17756, stack(0x000000584c400000,0x000000584c500000) (1024K)]
  0x0000016b18d62940 JavaThread "Monitor Deflation Thread"   daemon [_thread_blocked, id=5952, stack(0x000000584c500000,0x000000584c600000) (1024K)]
  0x0000016b18d636d0 JavaThread "C2 CompilerThread0"         daemon [_thread_blocked, id=21476, stack(0x000000584c600000,0x000000584c700000) (1024K)]
  0x0000016b72118120 JavaThread "C1 CompilerThread0"         daemon [_thread_blocked, id=16584, stack(0x000000584c700000,0x000000584c800000) (1024K)]
  0x0000016b7231aac0 JavaThread "Common-Cleaner"             daemon [_thread_blocked, id=13704, stack(0x000000584c800000,0x000000584c900000) (1024K)]
  0x0000016b72422b30 JavaThread "Notification Thread"        daemon [_thread_blocked, id=12444, stack(0x000000584ca00000,0x000000584cb00000) (1024K)]
  0x0000016b726e5c50 JavaThread "Active Thread: Equinox Container: 031a61ba-0bd7-410e-84b8-b054889c908e"        [_thread_blocked, id=6180, stack(0x000000584d200000,0x000000584d300000) (1024K)]
  0x0000016b72a10250 JavaThread "Refresh Thread: Equinox Container: 031a61ba-0bd7-410e-84b8-b054889c908e" daemon [_thread_blocked, id=6300, stack(0x000000584d400000,0x000000584d500000) (1024K)]
  0x0000016b770dfa30 JavaThread "Framework Event Dispatcher: Equinox Container: 031a61ba-0bd7-410e-84b8-b054889c908e" daemon [_thread_blocked, id=4772, stack(0x000000584d500000,0x000000584d600000) (1024K)]
=>0x0000016b7712b5f0 JavaThread "Start Level: Equinox Container: 031a61ba-0bd7-410e-84b8-b054889c908e" daemon [_thread_in_vm, id=9020, stack(0x000000584d600000,0x000000584d700000) (1024K)]
  0x0000016b7786a470 JavaThread "Bundle File Closer"         daemon [_thread_blocked, id=10224, stack(0x000000584d700000,0x000000584d800000) (1024K)]
Total: 16

Other Threads:
  0x0000016b18e87830 VMThread "VM Thread"                           [id=11508, stack(0x000000584bf00000,0x000000584c000000) (1024K)]
  0x0000016b18c6ca10 WatcherThread "VM Periodic Task Thread"        [id=14508, stack(0x000000584be00000,0x000000584bf00000) (1024K)]
  0x0000016b18e039a0 WorkerThread "GC Thread#0"                     [id=11668, stack(0x000000584bd00000,0x000000584be00000) (1024K)]
  0x0000016b770cc530 WorkerThread "GC Thread#1"                     [id=4760, stack(0x000000584cc00000,0x000000584cd00000) (1024K)]
  0x0000016b770cc8e0 WorkerThread "GC Thread#2"                     [id=12520, stack(0x000000584cd00000,0x000000584ce00000) (1024K)]
  0x0000016b72ab08b0 WorkerThread "GC Thread#3"                     [id=12328, stack(0x000000584ce00000,0x000000584cf00000) (1024K)]
  0x0000016b72ab0c60 WorkerThread "GC Thread#4"                     [id=15752, stack(0x000000584cf00000,0x000000584d000000) (1024K)]
  0x0000016b72ab1010 WorkerThread "GC Thread#5"                     [id=8808, stack(0x000000584d000000,0x000000584d100000) (1024K)]
  0x0000016b72946af0 WorkerThread "GC Thread#6"                     [id=4776, stack(0x000000584d100000,0x000000584d200000) (1024K)]
  0x0000016b725fea80 WorkerThread "GC Thread#7"                     [id=14836, stack(0x000000584d300000,0x000000584d400000) (1024K)]
Total: 10

Threads with active compile tasks:
Total: 0

VM state: not at safepoint (normal execution)

VM Mutex/Monitor currently owned by a thread:  ([mutex/lock_event])
[0x00007ffb14acc4e0] Metaspace_lock - owner thread: 0x0000016b7712b5f0

Heap address: 0x0000000080000000, size: 2048 MB, Compressed Oops mode: 32-bit

CDS archive(s) mapped at: [0x0000016b30000000-0x0000016b30ba0000-0x0000016b30ba0000), size 12189696, SharedBaseAddress: 0x0000016b30000000, ArchiveRelocationMode: 1.
Compressed class space mapped at: 0x0000016b31000000-0x0000016b71000000, reserved size: 1073741824
Narrow klass base: 0x0000016b30000000, Narrow klass shift: 0, Narrow klass range: 0x100000000

GC Precious Log:
 CardTable entry size: 512
 CPUs: 8 total, 8 available
 Memory: 7939M
 Large Page Support: Disabled
 NUMA Support: Disabled
 Compressed Oops: Enabled (32-bit)
 Alignments: Space 512K, Generation 512K, Heap 2M
 Heap Min Capacity: 100M
 Heap Initial Capacity: 100M
 Heap Max Capacity: 2G
 Pre-touch: Disabled
 Parallel Workers: 8

Heap:
 PSYoungGen      total 29696K, used 26353K [0x00000000d5580000, 0x00000000d7680000, 0x0000000100000000)
  eden space 25600K, 87% used [0x00000000d5580000,0x00000000d6b415e0,0x00000000d6e80000)
  from space 4096K, 99% used [0x00000000d6e80000,0x00000000d727ae90,0x00000000d7280000)
  to   space 4096K, 0% used [0x00000000d7280000,0x00000000d7280000,0x00000000d7680000)
 ParOldGen       total 68608K, used 5108K [0x0000000080000000, 0x0000000084300000, 0x00000000d5580000)
  object space 68608K, 7% used [0x0000000080000000,0x00000000804fd398,0x0000000084300000)
 Metaspace       used 11154K, committed 11520K, reserved 1114112K
  class space    used 1177K, committed 1344K, reserved 1048576K

Card table byte_map: [0x0000016b18780000,0x0000016b18b90000] _byte_map_base: 0x0000016b18380000

Marking Bits: (ParMarkBitMap*) 0x00007ffb14ad3450
 Begin Bits: [0x0000016b2b290000, 0x0000016b2d290000)
 End Bits:   [0x0000016b2d290000, 0x0000016b2f290000)

Polling page: 0x0000016b16c00000

Metaspace:

Usage:
  Non-class:      9.74 MB used.
      Class:      1.15 MB used.
       Both:     10.89 MB used.

Virtual space:
  Non-class space:       64.00 MB reserved,       9.94 MB ( 16%) committed,  1 nodes.
      Class space:        1.00 GB reserved,       1.31 MB ( <1%) committed,  1 nodes.
             Both:        1.06 GB reserved,      11.25 MB (  1%) committed. 

Chunk freelists:
   Non-Class:  6.05 MB
       Class:  14.70 MB
        Both:  20.75 MB

MaxMetaspaceSize: unlimited
CompressedClassSpaceSize: 1.00 GB
Initial GC threshold: 21.00 MB
Current GC threshold: 21.00 MB
CDS: on
 - commit_granule_bytes: 65536.
 - commit_granule_words: 8192.
 - virtual_space_node_default_size: 8388608.
 - enlarge_chunks_in_place: 1.
 - use_allocation_guard: 0.


Internal statistics:

num_allocs_failed_limit: 0.
num_arena_births: 264.
num_arena_deaths: 0.
num_vsnodes_births: 2.
num_vsnodes_deaths: 0.
num_space_committed: 180.
num_space_uncommitted: 0.
num_chunks_returned_to_freelist: 0.
num_chunks_taken_from_freelist: 560.
num_chunk_merges: 0.
num_chunk_splits: 352.
num_chunks_enlarged: 234.
num_inconsistent_stats: 0.

CodeHeap 'non-profiled nmethods': size=120000Kb used=1155Kb max_used=1155Kb free=118844Kb
 bounds [0x0000016b23ab0000, 0x0000016b23d20000, 0x0000016b2afe0000]
CodeHeap 'profiled nmethods': size=120000Kb used=4774Kb max_used=4774Kb free=115225Kb
 bounds [0x0000016b1bfe0000, 0x0000016b1c490000, 0x0000016b23510000]
CodeHeap 'non-nmethods': size=5760Kb used=1235Kb max_used=1267Kb free=4525Kb
 bounds [0x0000016b23510000, 0x0000016b23780000, 0x0000016b23ab0000]
CodeCache: size=245760Kb, used=7164Kb, max_used=7196Kb, free=238594Kb
 total_blobs=2962, nmethods=2463, adapters=405, full_count=0
Compilation: enabled, stopped_count=0, restarted_count=0

Compilation events (20 events):
Event: 5.459 Thread 0x0000016b72118120 nmethod 2454 0x0000016b1c47bc10 code [0x0000016b1c47c680, 0x0000016b1c482168]
Event: 5.459 Thread 0x0000016b72118120 2455       3       org.eclipse.osgi.framework.eventmgr.CopyOnWriteIdentityMap::entrySet (15 bytes)
Event: 5.460 Thread 0x0000016b72118120 nmethod 2455 0x0000016b1c485590 code [0x0000016b1c485760, 0x0000016b1c485c08]
Event: 5.460 Thread 0x0000016b72118120 2458       3       java.io.FileDescriptor::<init> (17 bytes)
Event: 5.460 Thread 0x0000016b72118120 nmethod 2458 0x0000016b1c485e10 code [0x0000016b1c485fc0, 0x0000016b1c486138]
Event: 5.460 Thread 0x0000016b72118120 2457       3       java.util.zip.ZipFile::<init> (10 bytes)
Event: 5.460 Thread 0x0000016b72118120 nmethod 2457 0x0000016b1c486210 code [0x0000016b1c4863c0, 0x0000016b1c486508]
Event: 5.464 Thread 0x0000016b72118120 2459   !   3       java.lang.invoke.MethodHandleNatives::linkMethodHandleConstant (50 bytes)
Event: 5.464 Thread 0x0000016b72118120 nmethod 2459 0x0000016b1c486590 code [0x0000016b1c486760, 0x0000016b1c486968]
Event: 5.464 Thread 0x0000016b72118120 2460       3       java.lang.invoke.MethodHandles$Lookup::linkMethodHandleConstant (223 bytes)
Event: 5.467 Thread 0x0000016b72118120 nmethod 2460 0x0000016b1c486b10 code [0x0000016b1c486f00, 0x0000016b1c4886b0]
Event: 5.528 Thread 0x0000016b72118120 2461       3       java.util.Arrays::fill (28 bytes)
Event: 5.528 Thread 0x0000016b72118120 nmethod 2461 0x0000016b1c488e10 code [0x0000016b1c488fc0, 0x0000016b1c4891d0]
Event: 5.528 Thread 0x0000016b18d636d0 2462 %     4       java.util.Arrays::fill @ 10 (28 bytes)
Event: 5.534 Thread 0x0000016b18d636d0 nmethod 2462% 0x0000016b23bd0090 code [0x0000016b23bd0220, 0x0000016b23bd03f0]
Event: 5.534 Thread 0x0000016b18d636d0 2463       4       java.lang.String::startsWith (7 bytes)
Event: 5.540 Thread 0x0000016b72118120 2464       3       java.util.TreeMap::parentOf (13 bytes)
Event: 5.541 Thread 0x0000016b72118120 nmethod 2464 0x0000016b1c489310 code [0x0000016b1c4894c0, 0x0000016b1c489628]
Event: 5.541 Thread 0x0000016b72118120 2465       3       com.sun.org.apache.xerces.internal.util.XMLChar::isContent (35 bytes)
Event: 5.541 Thread 0x0000016b72118120 nmethod 2465 0x0000016b1c489710 code [0x0000016b1c4898c0, 0x0000016b1c489ac8]

GC Heap History (6 events):
Event: 1.618 GC heap before
{Heap before GC invocations=1 (full 0):
 PSYoungGen      total 29696K, used 25600K [0x00000000d5580000, 0x00000000d7680000, 0x0000000100000000)
  eden space 25600K, 100% used [0x00000000d5580000,0x00000000d6e80000,0x00000000d6e80000)
  from space 4096K, 0% used [0x00000000d7280000,0x00000000d7280000,0x00000000d7680000)
  to   space 4096K, 0% used [0x00000000d6e80000,0x00000000d6e80000,0x00000000d7280000)
 ParOldGen       total 68608K, used 0K [0x0000000080000000, 0x0000000084300000, 0x00000000d5580000)
  object space 68608K, 0% used [0x0000000080000000,0x0000000080000000,0x0000000084300000)
 Metaspace       used 4335K, committed 4608K, reserved 1114112K
  class space    used 473K, committed 576K, reserved 1048576K
}
Event: 1.626 GC heap after
{Heap after GC invocations=1 (full 0):
 PSYoungGen      total 29696K, used 3303K [0x00000000d5580000, 0x00000000d7680000, 0x0000000100000000)
  eden space 25600K, 0% used [0x00000000d5580000,0x00000000d5580000,0x00000000d6e80000)
  from space 4096K, 80% used [0x00000000d6e80000,0x00000000d71b9e98,0x00000000d7280000)
  to   space 4096K, 0% used [0x00000000d7280000,0x00000000d7280000,0x00000000d7680000)
 ParOldGen       total 68608K, used 16K [0x0000000080000000, 0x0000000084300000, 0x00000000d5580000)
  object space 68608K, 0% used [0x0000000080000000,0x0000000080004000,0x0000000084300000)
 Metaspace       used 4335K, committed 4608K, reserved 1114112K
  class space    used 473K, committed 576K, reserved 1048576K
}
Event: 2.436 GC heap before
{Heap before GC invocations=2 (full 0):
 PSYoungGen      total 29696K, used 28903K [0x00000000d5580000, 0x00000000d7680000, 0x0000000100000000)
  eden space 25600K, 100% used [0x00000000d5580000,0x00000000d6e80000,0x00000000d6e80000)
  from space 4096K, 80% used [0x00000000d6e80000,0x00000000d71b9e98,0x00000000d7280000)
  to   space 4096K, 0% used [0x00000000d7280000,0x00000000d7280000,0x00000000d7680000)
 ParOldGen       total 68608K, used 16K [0x0000000080000000, 0x0000000084300000, 0x00000000d5580000)
  object space 68608K, 0% used [0x0000000080000000,0x0000000080004000,0x0000000084300000)
 Metaspace       used 7990K, committed 8256K, reserved 1114112K
  class space    used 831K, committed 960K, reserved 1048576K
}
Event: 2.445 GC heap after
{Heap after GC invocations=2 (full 0):
 PSYoungGen      total 29696K, used 4070K [0x00000000d5580000, 0x00000000d7680000, 0x0000000100000000)
  eden space 25600K, 0% used [0x00000000d5580000,0x00000000d5580000,0x00000000d6e80000)
  from space 4096K, 99% used [0x00000000d7280000,0x00000000d7679820,0x00000000d7680000)
  to   space 4096K, 0% used [0x00000000d6e80000,0x00000000d6e80000,0x00000000d7280000)
 ParOldGen       total 68608K, used 2053K [0x0000000080000000, 0x0000000084300000, 0x00000000d5580000)
  object space 68608K, 2% used [0x0000000080000000,0x00000000802016b8,0x0000000084300000)
 Metaspace       used 7990K, committed 8256K, reserved 1114112K
  class space    used 831K, committed 960K, reserved 1048576K
}
Event: 2.971 GC heap before
{Heap before GC invocations=3 (full 0):
 PSYoungGen      total 29696K, used 29670K [0x00000000d5580000, 0x00000000d7680000, 0x0000000100000000)
  eden space 25600K, 100% used [0x00000000d5580000,0x00000000d6e80000,0x00000000d6e80000)
  from space 4096K, 99% used [0x00000000d7280000,0x00000000d7679820,0x00000000d7680000)
  to   space 4096K, 0% used [0x00000000d6e80000,0x00000000d6e80000,0x00000000d7280000)
 ParOldGen       total 68608K, used 2053K [0x0000000080000000, 0x0000000084300000, 0x00000000d5580000)
  object space 68608K, 2% used [0x0000000080000000,0x00000000802016b8,0x0000000084300000)
 Metaspace       used 9452K, committed 9792K, reserved 1114112K
  class space    used 1009K, committed 1152K, reserved 1048576K
}
Event: 2.982 GC heap after
{Heap after GC invocations=3 (full 0):
 PSYoungGen      total 29696K, used 4075K [0x00000000d5580000, 0x00000000d7680000, 0x0000000100000000)
  eden space 25600K, 0% used [0x00000000d5580000,0x00000000d5580000,0x00000000d6e80000)
  from space 4096K, 99% used [0x00000000d6e80000,0x00000000d727ae90,0x00000000d7280000)
  to   space 4096K, 0% used [0x00000000d7280000,0x00000000d7280000,0x00000000d7680000)
 ParOldGen       total 68608K, used 5108K [0x0000000080000000, 0x0000000084300000, 0x00000000d5580000)
  object space 68608K, 7% used [0x0000000080000000,0x00000000804fd398,0x0000000084300000)
 Metaspace       used 9452K, committed 9792K, reserved 1114112K
  class space    used 1009K, committed 1152K, reserved 1048576K
}

Dll operation events (9 events):
Event: 0.019 Loaded shared library c:\Users\Admin\.vscode\extensions\redhat.java-1.54.0-win32-x64\jre\21.0.10-win32-x86_64\bin\java.dll
Event: 0.205 Loaded shared library c:\Users\Admin\.vscode\extensions\redhat.java-1.54.0-win32-x64\jre\21.0.10-win32-x86_64\bin\zip.dll
Event: 0.299 Loaded shared library C:\Users\Admin\.vscode\extensions\redhat.java-1.54.0-win32-x64\jre\21.0.10-win32-x86_64\bin\instrument.dll
Event: 0.323 Loaded shared library C:\Users\Admin\.vscode\extensions\redhat.java-1.54.0-win32-x64\jre\21.0.10-win32-x86_64\bin\net.dll
Event: 0.329 Loaded shared library C:\Users\Admin\.vscode\extensions\redhat.java-1.54.0-win32-x64\jre\21.0.10-win32-x86_64\bin\nio.dll
Event: 0.334 Loaded shared library C:\Users\Admin\.vscode\extensions\redhat.java-1.54.0-win32-x64\jre\21.0.10-win32-x86_64\bin\zip.dll
Event: 0.481 Loaded shared library C:\Users\Admin\.vscode\extensions\redhat.java-1.54.0-win32-x64\jre\21.0.10-win32-x86_64\bin\jimage.dll
Event: 0.646 Loaded shared library c:\Users\Admin\.vscode\extensions\redhat.java-1.54.0-win32-x64\jre\21.0.10-win32-x86_64\bin\verify.dll
Event: 2.470 Loaded shared library C:\Users\Admin\AppData\Roaming\Code\User\globalStorage\redhat.java\1.54.0\config_win\org.eclipse.equinox.launcher\org.eclipse.equinox.launcher.win32.win32.x86_64_1.3.0.v20260203-2149\eclipse_11919.dll

Deoptimization events (20 events):
Event: 5.340 Thread 0x0000016b7712b5f0 Uncommon trap: trap_request=0xffffffc6 fr.pc=0x0000016b23bbfd58 relative=0x0000000000000458
Event: 5.340 Thread 0x0000016b7712b5f0 Uncommon trap: reason=bimorphic_or_optimized_type_check action=maybe_recompile pc=0x0000016b23bbfd58 method=java.util.regex.Pattern$BmpCharPropertyGreedy.match(Ljava/util/regex/Matcher;ILjava/lang/CharSequence;)Z @ 26 c2
Event: 5.340 Thread 0x0000016b7712b5f0 DEOPT PACKING pc=0x0000016b23bbfd58 sp=0x000000584d6fe140
Event: 5.340 Thread 0x0000016b7712b5f0 DEOPT UNPACKING pc=0x0000016b23563aa2 sp=0x000000584d6fe0d8 mode 2
Event: 5.341 Thread 0x0000016b7712b5f0 Uncommon trap: trap_request=0xffffffc6 fr.pc=0x0000016b23bbfd58 relative=0x0000000000000458
Event: 5.341 Thread 0x0000016b7712b5f0 Uncommon trap: reason=bimorphic_or_optimized_type_check action=maybe_recompile pc=0x0000016b23bbfd58 method=java.util.regex.Pattern$BmpCharPropertyGreedy.match(Ljava/util/regex/Matcher;ILjava/lang/CharSequence;)Z @ 26 c2
Event: 5.341 Thread 0x0000016b7712b5f0 DEOPT PACKING pc=0x0000016b23bbfd58 sp=0x000000584d6fe150
Event: 5.341 Thread 0x0000016b7712b5f0 DEOPT UNPACKING pc=0x0000016b23563aa2 sp=0x000000584d6fe0e8 mode 2
Event: 5.382 Thread 0x0000016b7712b5f0 Uncommon trap: trap_request=0xffffff45 fr.pc=0x0000016b23bbdda8 relative=0x0000000000000708
Event: 5.382 Thread 0x0000016b7712b5f0 Uncommon trap: reason=unstable_if action=reinterpret pc=0x0000016b23bbdda8 method=org.eclipse.osgi.framework.util.CaseInsensitiveDictionaryMap.findCommonKeyIndex(Ljava/lang/String;)Lorg/eclipse/osgi/framework/util/CaseInsensitiveDictionaryMap$CaseInsensit
Event: 5.382 Thread 0x0000016b7712b5f0 DEOPT PACKING pc=0x0000016b23bbdda8 sp=0x000000584d6fe490
Event: 5.382 Thread 0x0000016b7712b5f0 DEOPT UNPACKING pc=0x0000016b23563aa2 sp=0x000000584d6fe420 mode 2
Event: 5.393 Thread 0x0000016b7712b5f0 Uncommon trap: trap_request=0xffffffc6 fr.pc=0x0000016b23bbfd58 relative=0x0000000000000458
Event: 5.393 Thread 0x0000016b7712b5f0 Uncommon trap: reason=bimorphic_or_optimized_type_check action=maybe_recompile pc=0x0000016b23bbfd58 method=java.util.regex.Pattern$BmpCharPropertyGreedy.match(Ljava/util/regex/Matcher;ILjava/lang/CharSequence;)Z @ 26 c2
Event: 5.393 Thread 0x0000016b7712b5f0 DEOPT PACKING pc=0x0000016b23bbfd58 sp=0x000000584d6fe1c0
Event: 5.393 Thread 0x0000016b7712b5f0 DEOPT UNPACKING pc=0x0000016b23563aa2 sp=0x000000584d6fe158 mode 2
Event: 5.393 Thread 0x0000016b7712b5f0 Uncommon trap: trap_request=0xffffffc6 fr.pc=0x0000016b23bbfd58 relative=0x0000000000000458
Event: 5.393 Thread 0x0000016b7712b5f0 Uncommon trap: reason=bimorphic_or_optimized_type_check action=maybe_recompile pc=0x0000016b23bbfd58 method=java.util.regex.Pattern$BmpCharPropertyGreedy.match(Ljava/util/regex/Matcher;ILjava/lang/CharSequence;)Z @ 26 c2
Event: 5.393 Thread 0x0000016b7712b5f0 DEOPT PACKING pc=0x0000016b23bbfd58 sp=0x000000584d6fe1c0
Event: 5.393 Thread 0x0000016b7712b5f0 DEOPT UNPACKING pc=0x0000016b23563aa2 sp=0x000000584d6fe158 mode 2

Classes loaded (20 events):
Event: 5.525 Loading class com/sun/xml/internal/stream/Entity$ScannedEntity
Event: 5.525 Loading class com/sun/xml/internal/stream/Entity
Event: 5.525 Loading class com/sun/xml/internal/stream/Entity done
Event: 5.526 Loading class com/sun/xml/internal/stream/Entity$ScannedEntity done
Event: 5.527 Loading class com/sun/org/apache/xerces/internal/util/XMLChar
Event: 5.527 Loading class com/sun/org/apache/xerces/internal/util/XMLChar done
Event: 5.529 Loading class com/sun/org/apache/xerces/internal/util/XMLSymbols
Event: 5.529 Loading class com/sun/org/apache/xerces/internal/util/XMLSymbols done
Event: 5.530 Loading class com/sun/org/apache/xerces/internal/parsers/AbstractSAXParser$LocatorProxy
Event: 5.530 Loading class org/xml/sax/ext/Locator2
Event: 5.530 Loading class org/xml/sax/Locator
Event: 5.530 Loading class org/xml/sax/Locator done
Event: 5.530 Loading class org/xml/sax/ext/Locator2 done
Event: 5.530 Loading class com/sun/org/apache/xerces/internal/parsers/AbstractSAXParser$LocatorProxy done
Event: 5.530 Loading class com/sun/org/apache/xerces/internal/impl/XMLScanner$NameType
Event: 5.530 Loading class com/sun/org/apache/xerces/internal/impl/XMLScanner$NameType done
Event: 5.531 Loading class com/sun/org/apache/xerces/internal/impl/Constants
Event: 5.531 Loading class com/sun/org/apache/xerces/internal/impl/Constants done
Event: 5.532 Loading class com/sun/org/apache/xerces/internal/impl/Constants$ArrayEnumeration
Event: 5.532 Loading class com/sun/org/apache/xerces/internal/impl/Constants$ArrayEnumeration done

Classes unloaded (0 events):
No events

Classes redefined (0 events):
No events

Internal exceptions (20 events):
Event: 1.685 Thread 0x0000016b18de6500 Exception <a 'java/lang/NoSuchMethodError'{0x00000000d573e058}: 'void java.lang.invoke.DirectMethodHandle$Holder.invokeStatic(java.lang.Object, java.lang.Object, java.lang.Object, java.lang.Object)'> (0x00000000d573e058) 
thrown [s\src\hotspot\share\interpreter\linkResolver.cpp, line 773]
Event: 1.686 Thread 0x0000016b18de6500 Implicit null exception at 0x0000016b23b0f6c0 to 0x0000016b23b0f994
Event: 1.687 Thread 0x0000016b18de6500 Implicit null exception at 0x0000016b23b0d8c0 to 0x0000016b23b0d945
Event: 1.780 Thread 0x0000016b18de6500 Exception <a 'java/lang/NoSuchMethodError'{0x00000000d59e6c58}: 'void java.lang.invoke.DirectMethodHandle$Holder.invokeSpecial(java.lang.Object, java.lang.Object, java.lang.Object)'> (0x00000000d59e6c58) 
thrown [s\src\hotspot\share\interpreter\linkResolver.cpp, line 773]
Event: 2.070 Thread 0x0000016b18de6500 Exception <a 'java/lang/NoSuchMethodError'{0x00000000d6455e88}: 'int java.lang.invoke.DirectMethodHandle$Holder.invokeVirtual(java.lang.Object, java.lang.Object)'> (0x00000000d6455e88) 
thrown [s\src\hotspot\share\interpreter\linkResolver.cpp, line 773]
Event: 2.117 Thread 0x0000016b18de6500 Exception <a 'java/lang/NoSuchMethodError'{0x00000000d65cbff8}: 'int java.lang.invoke.DirectMethodHandle$Holder.invokeStaticInit(java.lang.Object, java.lang.Object, java.lang.Object, java.lang.Object)'> (0x00000000d65cbff8) 
thrown [s\src\hotspot\share\interpreter\linkResolver.cpp, line 773]
Event: 2.119 Thread 0x0000016b18de6500 Exception <a 'java/lang/IncompatibleClassChangeError'{0x00000000d65d4400}: Found class java.lang.Object, but interface was expected> (0x00000000d65d4400) 
thrown [s\src\hotspot\share\interpreter\linkResolver.cpp, line 840]
Event: 2.119 Thread 0x0000016b18de6500 Exception <a 'java/lang/NoSuchMethodError'{0x00000000d65dac08}: 'void java.lang.invoke.DirectMethodHandle$Holder.invokeStaticInit(java.lang.Object, java.lang.Object)'> (0x00000000d65dac08) 
thrown [s\src\hotspot\share\interpreter\linkResolver.cpp, line 773]
Event: 2.120 Thread 0x0000016b18de6500 Exception <a 'java/lang/NoSuchMethodError'{0x00000000d65e3dc0}: 'int java.lang.invoke.DirectMethodHandle$Holder.invokeStaticInit(java.lang.Object, java.lang.Object)'> (0x00000000d65e3dc0) 
thrown [s\src\hotspot\share\interpreter\linkResolver.cpp, line 773]
Event: 2.172 Thread 0x0000016b18de6500 Exception <a 'java/lang/NoSuchMethodError'{0x00000000d682b2d0}: 'java.lang.Object java.lang.invoke.DirectMethodHandle$Holder.newInvokeSpecial(java.lang.Object, int, java.lang.Object)'> (0x00000000d682b2d0) 
thrown [s\src\hotspot\share\interpreter\linkResolver.cpp, line 773]
Event: 2.225 Thread 0x0000016b18de6500 Exception <a 'java/lang/ClassNotFoundException'{0x00000000d6a432f0}: sun/net/www/protocol/plurl/Handler> (0x00000000d6a432f0) 
thrown [s\src\hotspot\share\classfile\systemDictionary.cpp, line 312]
Event: 2.225 Thread 0x0000016b18de6500 Exception <a 'java/lang/ClassNotFoundException'{0x00000000d6a44170}: sun/net/www/protocol/plurl/Handler> (0x00000000d6a44170) 
thrown [s\src\hotspot\share\classfile\systemDictionary.cpp, line 312]
Event: 2.466 Thread 0x0000016b18de6500 Exception <a 'java/lang/UnsatisfiedLinkError'{0x00000000d55e16f8}: 'void org.eclipse.equinox.launcher.JNIBridge._update_splash()'> (0x00000000d55e16f8) 
thrown [s\src\hotspot\share\prims\nativeLookup.cpp, line 415]
Event: 2.516 Thread 0x0000016b72a10250 Exception <a 'java/lang/NoSuchMethodError'{0x00000000d586b218}: 'void java.lang.invoke.DirectMethodHandle$Holder.invokeInterface(java.lang.Object, java.lang.Object, java.lang.Object)'> (0x00000000d586b218) 
thrown [s\src\hotspot\share\interpreter\linkResolver.cpp, line 773]
Event: 2.616 Thread 0x0000016b7712b5f0 Exception <a 'java/lang/NoSuchMethodError'{0x00000000d5c510f8}: 'java.lang.Object java.lang.invoke.DirectMethodHandle$Holder.newInvokeSpecial(java.lang.Object, java.lang.Object, int, java.lang.Object)'> (0x00000000d5c510f8) 
thrown [s\src\hotspot\share\interpreter\linkResolver.cpp, line 773]
Event: 2.617 Thread 0x0000016b7712b5f0 Exception <a 'java/lang/NoSuchMethodError'{0x00000000d5c54f28}: 'java.lang.Object java.lang.invoke.DirectMethodHandle$Holder.invokeSpecial(java.lang.Object, java.lang.Object, java.lang.Object, int, java.lang.Object)'> (0x00000000d5c54f28) 
thrown [s\src\hotspot\share\interpreter\linkResolver.cpp, line 773]
Event: 2.640 Thread 0x0000016b7712b5f0 Exception <a 'java/lang/NoClassDefFoundError'{0x00000000d5cfc290}: jakarta/servlet/ServletContainerInitializer> (0x00000000d5cfc290) 
thrown [s\src\hotspot\share\classfile\systemDictionary.cpp, line 301]
Event: 2.665 Thread 0x0000016b7712b5f0 Exception <a 'java/lang/ClassNotFoundException'{0x00000000d5e56c78}: sun/util/logging/resources/spi/loggingProvider> (0x00000000d5e56c78) 
thrown [s\src\hotspot\share\classfile\systemDictionary.cpp, line 312]
Event: 5.439 Thread 0x0000016b7712b5f0 Exception <a 'java/lang/NullPointerException'{0x00000000d6736290}> (0x00000000d6736290) 
thrown [s\src\hotspot\share\interpreter\linkResolver.cpp, line 1372]
Event: 5.439 Thread 0x0000016b7712b5f0 Exception <a 'java/lang/NullPointerException'{0x00000000d6736570}> (0x00000000d6736570) 
thrown [s\src\hotspot\share\interpreter\linkResolver.cpp, line 1372]

ZGC Phase Switch (0 events):
No events

VM Operations (20 events):
Event: 2.219 Executing non-safepoint VM operation: HandshakeAllThreads (Deoptimize)
Event: 2.219 Executing non-safepoint VM operation: HandshakeAllThreads (Deoptimize) done
Event: 2.436 Executing safepoint VM operation: ParallelGCFailedAllocation (Allocation Failure)
Event: 2.445 Executing safepoint VM operation: ParallelGCFailedAllocation (Allocation Failure) done
Event: 2.653 Executing non-safepoint VM operation: HandshakeAllThreads (Deoptimize)
Event: 2.653 Executing non-safepoint VM operation: HandshakeAllThreads (Deoptimize) done
Event: 2.675 Executing non-safepoint VM operation: HandshakeAllThreads (Deoptimize)
Event: 2.675 Executing non-safepoint VM operation: HandshakeAllThreads (Deoptimize) done
Event: 2.693 Executing non-safepoint VM operation: HandshakeAllThreads (Deoptimize)
Event: 2.693 Executing non-safepoint VM operation: HandshakeAllThreads (Deoptimize) done
Event: 2.704 Executing non-safepoint VM operation: HandshakeAllThreads (Deoptimize)
Event: 2.704 Executing non-safepoint VM operation: HandshakeAllThreads (Deoptimize) done
Event: 2.970 Executing safepoint VM operation: ParallelGCFailedAllocation (Allocation Failure)
Event: 2.982 Executing safepoint VM operation: ParallelGCFailedAllocation (Allocation Failure) done
Event: 3.993 Executing safepoint VM operation: Cleanup
Event: 3.993 Executing safepoint VM operation: Cleanup done
Event: 4.250 Executing non-safepoint VM operation: HandshakeAllThreads (Deoptimize)
Event: 4.251 Executing non-safepoint VM operation: HandshakeAllThreads (Deoptimize) done
Event: 5.250 Executing safepoint VM operation: Cleanup
Event: 5.264 Executing safepoint VM operation: Cleanup done

Memory protections (0 events):
No events

Nmethod flushes (0 events):
No events

Events (20 events):
Event: 0.050 Thread 0x0000016b18de6500 Thread added: 0x0000016b18de6500
Event: 0.100 Thread 0x0000016b18de6500 Thread added: 0x0000016b18d57fa0
Event: 0.100 Thread 0x0000016b18de6500 Thread added: 0x0000016b18d59f90
Event: 0.100 Thread 0x0000016b18de6500 Thread added: 0x0000016b18d615f0
Event: 0.100 Thread 0x0000016b18de6500 Thread added: 0x0000016b18d5f310
Event: 0.101 Thread 0x0000016b18de6500 Thread added: 0x0000016b18d61ee0
Event: 0.101 Thread 0x0000016b18de6500 Thread added: 0x0000016b18d62940
Event: 0.101 Thread 0x0000016b18de6500 Thread added: 0x0000016b18d636d0
Event: 0.103 Thread 0x0000016b18de6500 Thread added: 0x0000016b72118120
Event: 0.303 Thread 0x0000016b18de6500 Thread added: 0x0000016b7231aac0
Event: 0.632 Thread 0x0000016b72118120 Thread added: 0x0000016b723a8650
Event: 0.857 Thread 0x0000016b18de6500 Thread added: 0x0000016b72422b30
Event: 1.186 Thread 0x0000016b72118120 Thread added: 0x0000016b72563c80
Event: 2.132 Thread 0x0000016b18de6500 Thread added: 0x0000016b726e5c50
Event: 2.464 Thread 0x0000016b18de6500 Thread added: 0x0000016b72a10250
Event: 2.521 Thread 0x0000016b72a10250 Thread added: 0x0000016b770dfa30
Event: 2.525 Thread 0x0000016b18de6500 Thread added: 0x0000016b7712b5f0
Event: 3.068 Thread 0x0000016b7712b5f0 Thread added: 0x0000016b7786a470
Event: 3.576 Thread 0x0000016b72563c80 Thread exited: 0x0000016b72563c80
Event: 3.662 Thread 0x0000016b723a8650 Thread exited: 0x0000016b723a8650


Dynamic libraries:
0x00007ff798470000 - 0x00007ff79847e000 	c:\Users\Admin\.vscode\extensions\redhat.java-1.54.0-win32-x64\jre\21.0.10-win32-x86_64\bin\java.exe
0x00007ffb98e20000 - 0x00007ffb99087000 	C:\WINDOWS\SYSTEM32\ntdll.dll
0x00007ffb631b0000 - 0x00007ffb631d1000 	C:\Program Files\Avast Software\Avast\aswhook.dll
0x00007ffb97bf0000 - 0x00007ffb97cb9000 	C:\WINDOWS\System32\KERNEL32.DLL
0x00007ffb96410000 - 0x00007ffb96807000 	C:\WINDOWS\System32\KERNELBASE.dll
0x00007ffb96a20000 - 0x00007ffb96b6b000 	C:\WINDOWS\System32\ucrtbase.dll
0x00007ffb72c60000 - 0x00007ffb72c78000 	c:\Users\Admin\.vscode\extensions\redhat.java-1.54.0-win32-x64\jre\21.0.10-win32-x86_64\bin\jli.dll
0x00007ffb98190000 - 0x00007ffb98356000 	C:\WINDOWS\System32\USER32.dll
0x00007ffb72c80000 - 0x00007ffb72c9e000 	c:\Users\Admin\.vscode\extensions\redhat.java-1.54.0-win32-x64\jre\21.0.10-win32-x86_64\bin\VCRUNTIME140.dll
0x00007ffb96b70000 - 0x00007ffb96b97000 	C:\WINDOWS\System32\win32u.dll
0x00007ffb97390000 - 0x00007ffb973bb000 	C:\WINDOWS\System32\GDI32.dll
0x00007ffb95900000 - 0x00007ffb95a2c000 	C:\WINDOWS\System32\gdi32full.dll
0x00007ffb73e00000 - 0x00007ffb74092000 	C:\WINDOWS\WinSxS\amd64_microsoft.windows.common-controls_6595b64144ccf1df_6.0.26100.8457_none_3e0b2faee331e92d\COMCTL32.dll
0x00007ffb96360000 - 0x00007ffb96403000 	C:\WINDOWS\System32\msvcp_win.dll
0x00007ffb970e0000 - 0x00007ffb97189000 	C:\WINDOWS\System32\msvcrt.dll
0x00007ffb98360000 - 0x00007ffb98392000 	C:\WINDOWS\System32\IMM32.DLL
0x00007ffb73690000 - 0x00007ffb7369c000 	c:\Users\Admin\.vscode\extensions\redhat.java-1.54.0-win32-x64\jre\21.0.10-win32-x86_64\bin\vcruntime140_1.dll
0x00007ffb6e450000 - 0x00007ffb6e4dd000 	c:\Users\Admin\.vscode\extensions\redhat.java-1.54.0-win32-x64\jre\21.0.10-win32-x86_64\bin\msvcp140.dll
0x00007ffb13e10000 - 0x00007ffb14bb1000 	c:\Users\Admin\.vscode\extensions\redhat.java-1.54.0-win32-x64\jre\21.0.10-win32-x86_64\bin\server\jvm.dll
0x00007ffb98b80000 - 0x00007ffb98c36000 	C:\WINDOWS\System32\ADVAPI32.dll
0x00007ffb96ba0000 - 0x00007ffb96c47000 	C:\WINDOWS\System32\sechost.dll
0x00007ffb97270000 - 0x00007ffb97388000 	C:\WINDOWS\System32\RPCRT4.dll
0x00007ffb98c40000 - 0x00007ffb98cc0000 	C:\WINDOWS\System32\WS2_32.dll
0x00007ffb956b0000 - 0x00007ffb9570e000 	C:\WINDOWS\SYSTEM32\POWRPROF.dll
0x00007ffb6dfe0000 - 0x00007ffb6e016000 	C:\WINDOWS\SYSTEM32\WINMM.dll
0x00007ffb8b140000 - 0x00007ffb8b14b000 	C:\WINDOWS\SYSTEM32\VERSION.dll
0x00007ffb95690000 - 0x00007ffb956a4000 	C:\WINDOWS\SYSTEM32\UMPDC.dll
0x00007ffb945a0000 - 0x00007ffb945bb000 	C:\WINDOWS\SYSTEM32\kernel.appcore.dll
0x00007ffb72c50000 - 0x00007ffb72c5a000 	c:\Users\Admin\.vscode\extensions\redhat.java-1.54.0-win32-x64\jre\21.0.10-win32-x86_64\bin\jimage.dll
0x00007ffb93780000 - 0x00007ffb939c2000 	C:\WINDOWS\SYSTEM32\DBGHELP.DLL
0x00007ffb97dc0000 - 0x00007ffb98143000 	C:\WINDOWS\System32\combase.dll
0x00007ffb97190000 - 0x00007ffb97269000 	C:\WINDOWS\System32\OLEAUT32.dll
0x00007ffb83b20000 - 0x00007ffb83b5b000 	C:\WINDOWS\SYSTEM32\dbgcore.DLL
0x00007ffb95850000 - 0x00007ffb958f8000 	C:\WINDOWS\System32\bcryptPrimitives.dll
0x00007ffb72c40000 - 0x00007ffb72c4f000 	c:\Users\Admin\.vscode\extensions\redhat.java-1.54.0-win32-x64\jre\21.0.10-win32-x86_64\bin\instrument.dll
0x00007ffb72c20000 - 0x00007ffb72c40000 	c:\Users\Admin\.vscode\extensions\redhat.java-1.54.0-win32-x64\jre\21.0.10-win32-x86_64\bin\java.dll
0x00007ffb98400000 - 0x00007ffb98b6e000 	C:\WINDOWS\System32\SHELL32.dll
0x00007ffb95af0000 - 0x00007ffb9635c000 	C:\WINDOWS\System32\windows.storage.dll
0x00007ffb98ce0000 - 0x00007ffb98dd6000 	C:\WINDOWS\System32\SHCORE.dll
0x00007ffb96d10000 - 0x00007ffb96d76000 	C:\WINDOWS\System32\shlwapi.dll
0x00007ffb95770000 - 0x00007ffb95799000 	C:\WINDOWS\SYSTEM32\profapi.dll
0x00007ffb72c00000 - 0x00007ffb72c18000 	c:\Users\Admin\.vscode\extensions\redhat.java-1.54.0-win32-x64\jre\21.0.10-win32-x86_64\bin\zip.dll
0x00007ffb72bf0000 - 0x00007ffb72c00000 	C:\Users\Admin\.vscode\extensions\redhat.java-1.54.0-win32-x64\jre\21.0.10-win32-x86_64\bin\net.dll
0x00007ffb85440000 - 0x00007ffb85569000 	C:\WINDOWS\SYSTEM32\WINHTTP.dll
0x00007ffb94af0000 - 0x00007ffb94b5c000 	C:\WINDOWS\system32\mswsock.dll
0x00007ffb6e7f0000 - 0x00007ffb6e806000 	C:\Users\Admin\.vscode\extensions\redhat.java-1.54.0-win32-x64\jre\21.0.10-win32-x86_64\bin\nio.dll
0x00007ffb71830000 - 0x00007ffb71840000 	c:\Users\Admin\.vscode\extensions\redhat.java-1.54.0-win32-x64\jre\21.0.10-win32-x86_64\bin\verify.dll
0x00007ffb136c0000 - 0x00007ffb13705000 	C:\Users\Admin\AppData\Roaming\Code\User\globalStorage\redhat.java\1.54.0\config_win\org.eclipse.equinox.launcher\org.eclipse.equinox.launcher.win32.win32.x86_64_1.3.0.v20260203-2149\eclipse_11919.dll
0x00007ffb96f40000 - 0x00007ffb970d7000 	C:\WINDOWS\System32\ole32.dll

JVMTI agents:
c:\Users\Admin\.vscode\extensions\redhat.java-1.54.0-win32-x64\lombok\lombok-1.18.39-4050.jar path:c:\Users\Admin\.vscode\extensions\redhat.java-1.54.0-win32-x64\jre\21.0.10-win32-x86_64\bin\instrument.dll, loaded, initialized, instrumentlib options:none

dbghelp: loaded successfully - version: 4.0.5 - missing functions: none
symbol engine: initialized successfully - sym options: 0x614 - pdb path: .;c:\Users\Admin\.vscode\extensions\redhat.java-1.54.0-win32-x64\jre\21.0.10-win32-x86_64\bin;C:\WINDOWS\SYSTEM32;C:\Program Files\Avast Software\Avast;C:\WINDOWS\WinSxS\amd64_microsoft.windows.common-controls_6595b64144ccf1df_6.0.26100.8457_none_3e0b2faee331e92d;c:\Users\Admin\.vscode\extensions\redhat.java-1.54.0-win32-x64\jre\21.0.10-win32-x86_64\bin\server;C:\Users\Admin\AppData\Roaming\Code\User\globalStorage\redhat.java\1.54.0\config_win\org.eclipse.equinox.launcher\org.eclipse.equinox.launcher.win32.win32.x86_64_1.3.0.v20260203-2149

VM Arguments:
jvm_args: --add-modules=ALL-SYSTEM --add-opens=java.base/java.util=ALL-UNNAMED --add-opens=java.base/java.lang=ALL-UNNAMED --add-opens=java.base/sun.nio.fs=ALL-UNNAMED -Declipse.application=org.eclipse.jdt.ls.core.id1 -Dosgi.bundles.defaultStartLevel=4 -Declipse.product=org.eclipse.jdt.ls.core.product -Djava.import.generatesMetadataFilesAtProjectRoot=false -DDetectVMInstallationsJob.disabled=true -Dfile.encoding=utf8 -XX:+UseParallelGC -XX:GCTimeRatio=4 -XX:AdaptiveSizePolicyWeight=90 -Dsun.zip.disableMemoryMapping=true -Xmx2G -Xms100m -Xlog:disable -javaagent:c:\Users\Admin\.vscode\extensions\redhat.java-1.54.0-win32-x64\lombok\lombok-1.18.39-4050.jar -XX:+HeapDumpOnOutOfMemoryError -XX:HeapDumpPath=c:\Users\Admin\AppData\Roaming\Code\User\workspaceStorage\9d035f33ee963385900452351aeb3d6d\redhat.java -Daether.dependencyCollector.impl=bf 
java_command: c:\Users\Admin\.vscode\extensions\redhat.java-1.54.0-win32-x64\server\plugins\org.eclipse.equinox.launcher_1.7.100.v20251111-0406.jar -configuration c:\Users\Admin\AppData\Roaming\Code\User\globalStorage\redhat.java\1.54.0\config_win -data c:\Users\Admin\AppData\Roaming\Code\User\workspaceStorage\9d035f33ee963385900452351aeb3d6d\redhat.java\jdt_ws --pipe=\\.\pipe\lsp-e56a5833bfc1a4cca43ae35f60f1d6ef-sock
java_class_path (initial): c:\Users\Admin\.vscode\extensions\redhat.java-1.54.0-win32-x64\server\plugins\org.eclipse.equinox.launcher_1.7.100.v20251111-0406.jar
Launcher Type: SUN_STANDARD

[Global flags]
    uintx AdaptiveSizePolicyWeight                 = 90                                        {product} {command line}
     intx CICompilerCount                          = 4                                         {product} {ergonomic}
    uintx GCTimeRatio                              = 4                                         {product} {command line}
     bool HeapDumpOnOutOfMemoryError               = true                                   {manageable} {command line}
    ccstr HeapDumpPath                             = c:\Users\Admin\AppData\Roaming\Code\User\workspaceStorage\9d035f33ee963385900452351aeb3d6d\redhat.java         {manageable} {command line}
   size_t InitialHeapSize                          = 104857600                                 {product} {command line}
   size_t MaxHeapSize                              = 2147483648                                {product} {command line}
   size_t MaxNewSize                               = 715653120                                 {product} {ergonomic}
   size_t MinHeapDeltaBytes                        = 524288                                    {product} {ergonomic}
   size_t MinHeapSize                              = 104857600                                 {product} {command line}
   size_t NewSize                                  = 34603008                                  {product} {ergonomic}
    uintx NonNMethodCodeHeapSize                   = 5839372                                {pd product} {ergonomic}
    uintx NonProfiledCodeHeapSize                  = 122909434                              {pd product} {ergonomic}
   size_t OldSize                                  = 70254592                                  {product} {ergonomic}
    uintx ProfiledCodeHeapSize                     = 122909434                              {pd product} {ergonomic}
    uintx ReservedCodeCacheSize                    = 251658240                              {pd product} {ergonomic}
     bool SegmentedCodeCache                       = true                                      {product} {ergonomic}
   size_t SoftMaxHeapSize                          = 2147483648                             {manageable} {ergonomic}
     bool UseCompressedOops                        = true                           {product lp64_product} {ergonomic}
     bool UseLargePagesIndividualAllocation        = false                                  {pd product} {ergonomic}
     bool UseParallelGC                            = true                                      {product} {command line}

Logging:
Log output configuration:
 #0: stdout all=off uptime,level,tags foldmultilines=false
 #1: stderr all=off uptime,level,tags foldmultilines=false

Release file:
JAVA_VERSION="21.0.10" 
MODULES="java.base java.compiler java.datatransfer java.xml java.prefs java.desktop java.instrument java.logging java.management java.security.sasl java.naming java.rmi java.management.rmi java.net.http java.scripting java.security.jgss java.transaction.xa java.sql java.sql.rowset java.xml.crypto java.se java.smartcardio jdk.accessibility jdk.internal.jvmstat jdk.attach jdk.charsets jdk.internal.opt jdk.zipfs jdk.compiler jdk.crypto.ec jdk.crypto.cryptoki jdk.crypto.mscapi jdk.dynalink jdk.internal.ed jdk.editpad jdk.hotspot.agent jdk.httpserver jdk.internal.le jdk.internal.vm.ci jdk.internal.vm.compiler jdk.internal.vm.compiler.management jdk.jartool jdk.javadoc jdk.jcmd jdk.management jdk.management.agent jdk.jconsole jdk.jdeps jdk.jdwp.agent jdk.jdi jdk.jfr jdk.jshell jdk.jsobject jdk.jstatd jdk.localedata jdk.management.jfr jdk.naming.dns jdk.naming.rmi jdk.net jdk.nio.mapmode jdk.random jdk.sctp jdk.security.auth jdk.security.jgss jdk.unsupported jdk.unsupported.desktop jdk.xml.dom" 

Environment Variables:
PATH=C:\Users\Admin\AppData\Local\Programs\Microsoft VS Code;C:\Program Files (x86)\VMware\VMware Workstation\bin\;C:\app\Admin\product\21c\dbhomeXE\bin;C:\Python313\Scripts\;C:\Python313\;C:\Eclipse\bin;C:\WINDOWS\system32;C:\WINDOWS;C:\WINDOWS\System32\Wbem;C:\WINDOWS\System32\WindowsPowerShell\v1.0\;C:\WINDOWS\System32\OpenSSH\;C:\Program Files\Intel\WiFi\bin\;C:\Program Files\Common Files\Intel\WirelessCommon\;C:\xampp\php;C:\Program Files\Git\cmd;C:\ProgramData\chocolatey\bin;C:\composer;C:\Users\Admin\AppData\Local\nvm;C:\nvm4w\nodejs;c:\Users\Admin\AppData\Local\Programs\cursor\resources\app\bin;c:\Users\Admin\AppData\Local\Programs\cursor\resources\app\bin;C:\Program Files\PowerShell\7\;C:\Users\Admin\AppData\Local\Programs\Python\Python313\Scripts\;C:\Users\Admin\AppData\Local\Programs\Python\Python313\;C:\Users\Admin\AppData\Local\Microsoft\WindowsApps;C:\Users\Admin\AppData\Local\Programs\Microsoft VS Code\bin;C:\Users\Admin\AppData\Roaming\Composer\vendor\bin;C:\Users\Admin\Downloads\clisp-2.49-win32-mingw-big\clisp-2.49;C:\LGI3_GL\Semestre1\Programmation Fonctionnel\clisp-2.49-win32-mingw-big\clisp-2.49;C:\LGI3_GL\Semestre1\Programmation Fonctionnel\clisp-2.49;C:\Users\Admin\Desktop\nodejs\npm.ps1;C:\Users\Admin\AppData\Roaming\npm;C:\LGI3_GL\Semestre1\Programmation Mobile\flutter\bin;C:\Users\Admin\AppData\Local\Android\Sdk\platform-tools;C:\Program Files\JetBrains\IntelliJ IDEA 2025.3.3\bin;C:\Program Files\JetBrains\IntelliJ IDEA Community Edition 2025.1\bin;;C:\Users\Admin\Downloads\apache-maven-3.9.9-bin\apache-maven-3.9.9\bin;C:\Users\Admin\AppData\Local\nvm;C:\nvm4w\nodejs;
USERNAME=Admin
OS=Windows_NT
PROCESSOR_IDENTIFIER=Intel64 Family 6 Model 142 Stepping 12, GenuineIntel
TMP=C:\Users\Admin\AppData\Local\Temp
TEMP=C:\Users\Admin\AppData\Local\Temp




Periodic native trim disabled

---------------  S Y S T E M  ---------------

OS:
 Windows 11 , 64 bit Build 26100 (10.0.26100.8328)
OS uptime: 2 days 17:37 hours
Hyper-V role detected

CPU: total 8 (initial active 8) (4 cores per cpu, 2 threads per core) family 6 model 142 stepping 12 microcode 0xde, cx8, cmov, fxsr, ht, mmx, 3dnowpref, sse, sse2, sse3, ssse3, sse4.1, sse4.2, popcnt, lzcnt, tsc, tscinvbit, avx, avx2, aes, erms, clmul, bmi1, bmi2, adx, fma, vzeroupper, clflush, clflushopt, hv, rdtscp, f16c
Processor Information for processor 0
  Max Mhz: 1800, Current Mhz: 1600, Mhz Limit: 1584
Processor Information for processor 1
  Max Mhz: 1800, Current Mhz: 1500, Mhz Limit: 1584
Processor Information for processor 2
  Max Mhz: 1800, Current Mhz: 1500, Mhz Limit: 1584
Processor Information for processor 3
  Max Mhz: 1800, Current Mhz: 1500, Mhz Limit: 1584
Processor Information for processor 4
  Max Mhz: 1800, Current Mhz: 1500, Mhz Limit: 1584
Processor Information for processor 5
  Max Mhz: 1800, Current Mhz: 1500, Mhz Limit: 1584
Processor Information for processor 6
  Max Mhz: 1800, Current Mhz: 1500, Mhz Limit: 1584
Processor Information for processor 7
  Max Mhz: 1800, Current Mhz: 1500, Mhz Limit: 1584

Memory: 4k page, system-wide physical 7939M (1105M free)
TotalPageFile size 14196M (AvailPageFile size 465M)
current process WorkingSet (physical memory assigned to process): 113M, peak: 115M
current process commit charge ("private bytes"): 252M, peak: 256M

vm_info: OpenJDK 64-Bit Server VM (21.0.10+7-LTS) for windows-amd64 JRE (21.0.10+7-LTS), built on 2026-01-20T00:00:00Z by "admin" with MS VC++ 17.12 (VS2022)

END.
